region,state,district,age_0_5,age_5_17,age_18_greater,total_enrolment,gen_alpha_share,gen_z_share,adult_share
Central,Chhattisgarh,Balod,1603,71,4,1678,95.53039332538737,4.231227651966627,0.23837902264600713
Central,Chhattisgarh,Baloda Bazar,4349,562,33,4944,87.96521035598705,11.367313915857604,0.6674757281553397
Central,Chhattisgarh,Balrampur,4593,1528,69,6190,74.20032310177706,24.68497576736672,1.1147011308562196
Central,Chhattisgarh,Bastar,4794,1808,6,6608,72.54842615012107,27.36077481840194,0.09079903147699758
Central,Chhattisgarh,Bemetara,2458,302,11,2771,88.70443883074702,10.8985925658607,0.3969686033922772
Central,Chhattisgarh,Bijapur,3601,1761,1362,6724,53.55443188578227,26.189767995240924,20.2558001189768
Central,Chhattisgarh,Bilaspur,7490,1432,19,8941,83.77139022480708,16.016105581031205,0.2125041941617269
Central,Chhattisgarh,Dakshin Bastar Dantewada,1028,172,24,1224,83.98692810457517,14.052287581699346,1.9607843137254901
Central,Chhattisgarh,Dantewada,584,126,0,710,82.25352112676056,17.74647887323944,0.0
Central,Chhattisgarh,Dhamtari,1876,89,3,1968,95.32520325203252,4.522357723577236,0.1524390243902439
Central,Chhattisgarh,Durg,3528,520,47,4095,86.15384615384616,12.698412698412698,1.1477411477411479
Central,Chhattisgarh,Gariyaband,1307,229,6,1542,84.76005188067445,14.850843060959793,0.38910505836575876
Central,Chhattisgarh,Gaurela-pendra-marwahi,115,20,5,140,82.14285714285714,14.285714285714285,3.571428571428571
Central,Chhattisgarh,Gaurella Pendra Marwahi,623,290,70,983,63.377416073245165,29.50152594099695,7.121057985757884
Central,Chhattisgarh,Janjgir - Champa,32,1,0,33,96.96969696969697,3.0303030303030303,0.0
Central,Chhattisgarh,Janjgir Champa,21,4,0,25,84.0,16.0,0.0
Central,Chhattisgarh,Janjgir-champa,4066,572,1,4639,87.64820004311275,12.330243586979952,0.02155636990730761
Central,Chhattisgarh,Jashpur,1666,875,2,2543,65.51317341722374,34.40817931576878,0.07864726700747149
Central,Chhattisgarh,Kabeerdham,860,92,3,955,90.0523560209424,9.63350785340314,0.31413612565445026
Central,Chhattisgarh,Kanker,1426,277,2,1705,83.63636363636363,16.24633431085044,0.11730205278592376
Central,Chhattisgarh,Kawardha,1884,257,1,2142,87.95518207282913,11.99813258636788,0.04668534080298786
Central,Chhattisgarh,Khairagarh Chhuikhadan Gandai,183,63,0,246,74.39024390243902,25.609756097560975,0.0
Central,Chhattisgarh,Kondagaon,1975,1054,9,3038,65.00987491770903,34.69387755102041,0.29624753127057274
Central,Chhattisgarh,Korba,3040,489,13,3542,85.82721626199887,13.80575945793337,0.36702428006775834
Central,Chhattisgarh,Koriya,1258,504,1,1763,71.35564378899602,28.587634713556437,0.05672149744753262
Central,Chhattisgarh,Mahasamund,2773,563,25,3361,82.50520678369533,16.75096697411485,0.7438262421898245
Central,Chhattisgarh,Manendragarh–Chirmiri–Bharatpur,188,106,0,294,63.94557823129252,36.054421768707485,0.0
Central,Chhattisgarh,Mohalla-Manpur-Ambagarh Chowki,10,4,0,14,71.42857142857143,28.57142857142857,0.0
Central,Chhattisgarh,Mohla-Manpur-Ambagarh Chouki,162,93,4,259,62.54826254826254,35.907335907335906,1.5444015444015444
Central,Chhattisgarh,Mungeli,2600,355,2,2957,87.92695299289821,12.005410889414946,0.06763611768684477
Central,Chhattisgarh,Narayanpur,448,306,8,762,58.79265091863517,40.15748031496063,1.0498687664041995
Central,Chhattisgarh,Raigarh,4294,625,37,4956,86.64245359160614,12.610976594027443,0.7465698143664246
Central,Chhattisgarh,Raipur,6205,779,57,7041,88.12668655020593,11.063769350944467,0.8095440988495952
Central,Chhattisgarh,Rajnandgaon,3791,371,23,4185,90.58542413381123,8.86499402628435,0.5495818399044206
Central,Chhattisgarh,Sakti,373,80,2,455,81.97802197802197,17.582417582417584,0.43956043956043955
Central,Chhattisgarh,Sarangarh-Bilaigarh,159,24,3,186,85.48387096774194,12.903225806451612,1.6129032258064515
Central,Chhattisgarh,Sukma,1256,804,119,2179,57.64111977971547,36.89765947682423,5.461220743460303
Central,Chhattisgarh,Surajpur,2250,720,7,2977,75.57944239166947,24.185421565334227,0.23513604299630503
Central,Chhattisgarh,Surguja,2866,679,11,3556,80.59617547806525,19.094488188976378,0.3093363329583802
Central,Chhattisgarh,Uttar Bastar Kanker,718,162,8,888,80.85585585585585,18.243243243243242,0.9009009009009009
Central,Madhya Pradesh,Agar Malwa,2087,421,29,2537,82.26251478123768,16.594402837997634,1.1430823807646828
Central,Madhya Pradesh,Alirajpur,3251,3390,369,7010,46.37660485021398,48.35948644793152,5.263908701854493
Central,Madhya Pradesh,Anuppur,2864,349,13,3226,88.77867327960323,10.818350898946063,0.402975821450713
Central,Madhya Pradesh,Ashok Nagar,3726,1285,167,5178,71.9582850521437,24.81653147933565,3.225183468520664
Central,Madhya Pradesh,Ashoknagar,1594,1323,94,3011,52.93922284955165,43.93889073397542,3.1218864164729325
Central,Madhya Pradesh,Balaghat,6237,540,28,6805,91.65319617927994,7.935341660543719,0.41146216017634096
Central,Madhya Pradesh,Barwani,12801,8355,667,21823,58.65829629290198,38.28529533061449,3.056408376483527
Central,Madhya Pradesh,Betul,6829,1207,130,8166,83.62723487631644,14.780798432525105,1.591966691158462
Central,Madhya Pradesh,Bhind,8483,4845,639,13967,60.73602062003294,34.6889095725639,4.575069807403165
Central,Madhya Pradesh,Bhopal,11256,1452,154,12862,87.5136059710776,11.289068574094232,1.197325454828176
Central,Madhya Pradesh,Burhanpur,6542,2759,388,9689,67.51986789142327,28.475590876251417,4.004541232325318
Central,Madhya Pradesh,Chhatarpur,11504,5965,367,17836,64.49876653958286,33.443597219107424,2.0576362413097105
Central,Madhya Pradesh,Chhindwara,8308,625,48,8981,92.50640240507738,6.959135953679992,0.5344616412426233
Central,Madhya Pradesh,Damoh,5081,938,47,6066,83.76195186284207,15.463237718430598,0.7748104187273327
Central,Madhya Pradesh,Datia,3995,1805,43,5843,68.37241143248332,30.89166524045867,0.7359233270580181
Central,Madhya Pradesh,Dewas,8393,1958,91,10442,80.37732235203984,18.75119708868033,0.8714805592798315
Central,Madhya Pradesh,Dhar,8734,3553,425,12712,68.70673379483952,27.949968533668972,3.343297671491504
Central,Madhya Pradesh,Dindori,2409,249,1,2659,90.59796916133885,9.364422715306505,0.037608123354644606
Central,Madhya Pradesh,East Nimar,2338,1500,21,3859,60.58564394920965,38.87017362010884,0.5441824306815237
Central,Madhya Pradesh,Guna,7496,2249,66,9811,76.40403628580165,22.92324941392315,0.6727143002752013
Central,Madhya Pradesh,Gwalior,12110,5602,830,18542,65.31118541689138,30.212490561967424,4.476324021141194
Central,Madhya Pradesh,Harda,1733,383,18,2134,81.20899718837863,17.94751640112465,0.8434864104967198
Central,Madhya Pradesh,Harda *,503,107,0,610,82.45901639344262,17.54098360655738,0.0
Central,Madhya Pradesh,Hoshangabad,5158,812,12,5982,86.22534269475092,13.574055499832832,0.20060180541624875
Central,Madhya Pradesh,Indore,16685,5009,609,22303,74.81056360130924,22.458862036497333,2.7305743621934266
Central,Madhya Pradesh,Jabalpur,10653,1713,101,12467,85.44958690944092,13.740274324215932,0.8101387663431459
Central,Madhya Pradesh,Jhabua,6586,6570,332,13488,48.82858837485172,48.70996441281139,2.4614472123368922
Central,Madhya Pradesh,Katni,8413,2410,118,10941,76.89425098254273,22.027236998446213,1.0785120190110593
Central,Madhya Pradesh,Khandwa,3207,1232,82,4521,70.93563370935634,27.25060827250608,1.81375801813758
Central,Madhya Pradesh,Khargone,9870,4663,506,15039,65.6293636544983,31.00605093423765,3.3645854112640468
Central,Madhya Pradesh,Maihar,378,20,20,418,90.43062200956938,4.784688995215311,4.784688995215311
Central,Madhya Pradesh,Mandla,4645,261,5,4911,94.58358786397882,5.31459987782529,0.10181225819588678
Central,Madhya Pradesh,Mandsaur,7444,808,24,8276,89.94683421942968,9.763170613823103,0.28999516674722087
Central,Madhya Pradesh,Mauganj,379,58,1,438,86.5296803652968,13.24200913242009,0.228310502283105
Central,Madhya Pradesh,Morena,14064,7647,670,22381,62.8390152361378,34.16737411196997,2.9936106518922303
Central,Madhya Pradesh,Narmadapuram,608,100,29,737,82.4966078697422,13.568521031207597,3.934871099050204
Central,Madhya Pradesh,Narsimhapur,966,223,0,1189,81.24474348191758,18.755256518082422,0.0
Central,Madhya Pradesh,Narsinghpur,3860,1222,92,5174,74.60378817162737,23.618090452261306,1.778121376111326
Central,Madhya Pradesh,Neemuch,4183,764,17,4964,84.26672038678485,15.390813859790493,0.3424657534246575
Central,Madhya Pradesh,Niwari,117,16,9,142,82.3943661971831,11.267605633802818,6.338028169014084
Central,Madhya Pradesh,Pandhurna,66,4,28,98,67.3469387755102,4.081632653061225,28.57142857142857
Central,Madhya Pradesh,Panna,6807,2404,128,9339,72.88788949566334,25.741514080736692,1.3705964235999573
Central,Madhya Pradesh,Raisen,6215,1230,122,7567,82.13294568521209,16.25479053786177,1.6122637769261265
Central,Madhya Pradesh,Rajgarh,6542,1594,35,8171,80.06363970138294,19.50801615469343,0.42834414392363235
Central,Madhya Pradesh,Ratlam,6427,1478,77,7982,80.51866700075169,18.516662490603856,0.9646705086444499
Central,Madhya Pradesh,Rewa,9346,1463,29,10838,86.2336224395645,13.498800516700499,0.26757704373500646
Central,Madhya Pradesh,Sagar,11572,1882,387,13841,83.60667581822123,13.597283433277942,2.7960407485008307
Central,Madhya Pradesh,Satna,11198,1946,132,13276,84.34769508888219,14.658029526965954,0.9942753841518529
Central,Madhya Pradesh,Sehore,5155,1308,55,6518,79.08867750843818,20.06750536974532,0.8438171218165081
Central,Madhya Pradesh,Seoni,5558,513,10,6081,91.39944088143397,8.436112481499753,0.164446637066272
Central,Madhya Pradesh,Shahdol,4410,828,59,5297,83.25467245610723,15.631489522371153,1.1138380215216162
Central,Madhya Pradesh,Shajapur,5937,1070,18,7025,84.51245551601424,15.231316725978647,0.25622775800711745
Central,Madhya Pradesh,Sheopur,3765,3326,139,7230,52.074688796680505,46.00276625172891,1.9225449515905948
Central,Madhya Pradesh,Shivpuri,7127,4867,747,12741,55.937524527117176,38.19951338199513,5.862962090887685
Central,Madhya Pradesh,Sidhi,5606,671,15,6292,89.09726636999365,10.664335664335663,0.23839796567069294
Central,Madhya Pradesh,Singrauli,5669,859,22,6550,86.54961832061069,13.114503816793894,0.33587786259541985
Central,Madhya Pradesh,Tikamgarh,5674,1539,29,7242,78.34852250759458,21.251035625517815,0.40044186688760014
Central,Madhya Pradesh,Ujjain,12450,1763,95,14308,87.01425775789768,12.321778026279006,0.6639642158233156
Central,Madhya Pradesh,Umaria,4360,906,34,5300,82.26415094339623,17.09433962264151,0.6415094339622641
Central,Madhya Pradesh,Vidisha,7998,2206,170,10374,77.09658762290341,21.264700212068632,1.6387121650279546
Central,Madhya Pradesh,West Nimar,618,136,6,760,81.3157894736842,17.894736842105264,0.7894736842105263
East,Bihar,Araria,9939,5515,125,15579,63.79741960331216,35.400218242505936,0.8023621541819116
East,Bihar,Arwal,812,3020,34,3866,21.003621314019657,78.11691670977756,0.8794619762027935
East,Bihar,Aurangabad,3001,7096,73,10170,29.50835791543756,69.77384464110128,0.7177974434611603
East,Bihar,Aurangabad(BH),5,3,0,8,62.5,37.5,0.0
East,Bihar,Aurangabad(bh),44,61,0,105,41.904761904761905,58.0952380952381,0.0
East,Bihar,Banka,6198,4797,79,11074,55.968936247065194,43.317681054722776,0.7133826982120282
East,Bihar,Begusarai,8106,5045,58,13209,61.367249602543716,38.19365584071466,0.43909455674161557
East,Bihar,Bhabua,14,17,0,31,45.16129032258064,54.83870967741935,0.0
East,Bihar,Bhagalpur,10456,10229,377,21062,49.64390846073498,48.56613806855949,1.789953470705536
East,Bihar,Bhojpur,3136,10115,106,13357,23.478325971400764,75.72808265329041,0.7935913753088268
East,Bihar,Buxar,2528,4648,64,7240,34.91712707182321,64.19889502762432,0.8839779005524863
East,Bihar,Darbhanga,10017,5677,71,15765,63.5394862036156,36.01014906438313,0.4503647320012686
East,Bihar,East Champaran,10147,18371,805,29323,34.60423558298946,62.65047914606282,2.7452852709477202
East,Bihar,Gaya,6722,20244,435,27401,24.531951388635452,73.88051530966024,1.5875333017043174
East,Bihar,Gopalganj,5303,9649,196,15148,35.007921837866384,63.698177977290726,1.2939001848428837
East,Bihar,Jamui,5193,5029,160,10382,50.01926411096128,48.439607012136385,1.5411288769023308
East,Bihar,Jehanabad,915,3827,141,4883,18.738480442351012,78.37395044030309,2.887569117345894
East,Bihar,Kaimur (Bhabua),3033,4707,85,7825,38.76038338658147,60.15335463258786,1.0862619808306708
East,Bihar,Katihar,11332,4903,115,16350,69.30886850152905,29.987767584097856,0.7033639143730887
East,Bihar,Khagaria,4348,3779,69,8196,53.05026842362128,46.10785749145925,0.8418740849194729
East,Bihar,Kishanganj,6957,1782,25,8764,79.3815609310817,20.333181195801004,0.28525787311729806
East,Bihar,Lakhisarai,2664,3423,68,6155,43.281884646628754,55.61332250203087,1.1047928513403737
East,Bihar,Madhepura,4571,4417,39,9027,50.63697795502382,48.93098482330785,0.43203722166832836
East,Bihar,Madhubani,12598,12534,798,25930,48.58465098341689,48.33783262630158,3.0775163902815272
East,Bihar,Monghyr,29,20,0,49,59.183673469387756,40.816326530612244,0.0
East,Bihar,Munger,2445,3534,108,6087,40.1675702316412,58.05815672745195,1.7742730409068506
East,Bihar,Muzaffarpur,14087,14103,665,28855,48.819961878357304,48.87541154046093,2.304626581181771
East,Bihar,Nalanda,3676,10763,136,14575,25.221269296740996,73.84562607204117,0.9331046312178388
East,Bihar,Nawada,2742,12380,291,15413,17.79017712320768,80.32180626743659,1.8880166093557387
East,Bihar,Pashchim Champaran,5060,10737,562,16359,30.93098600158934,65.63359618558592,3.4354178128247446
East,Bihar,Patna,6745,17151,748,24644,27.369745171238435,69.59503327381918,3.0352215549423796
East,Bihar,Purba Champaran,61,66,0,127,48.031496062992126,51.96850393700787,0.0
East,Bihar,Purbi Champaran,4000,10071,800,14871,26.897989375294195,67.72241274964696,5.379597875058839
East,Bihar,Purnea,169,88,0,257,65.75875486381322,34.24124513618677,0.0
East,Bihar,Purnia,12195,7721,184,20100,60.67164179104477,38.41293532338309,0.9154228855721394
East,Bihar,Rohtas,2741,5120,78,7939,34.52575891170173,64.49174959062854,0.9824914976697318
East,Bihar,Saharsa,6281,6577,205,13063,48.08237005282094,50.34831202633392,1.569317920845135
East,Bihar,Samastipur,11289,7787,131,19207,58.77544645181444,40.542510543031185,0.6820430051543708
East,Bihar,Samstipur,41,41,0,82,50.0,50.0,0.0
East,Bihar,Saran,7592,16407,219,24218,31.34858369807581,67.74713023371046,0.9042860682137253
East,Bihar,Sheikhpura,1244,1934,21,3199,38.88715223507346,60.45639262269459,0.6564551422319475
East,Bihar,Sheikpura,11,18,0,29,37.93103448275862,62.06896551724138,0.0
East,Bihar,Sheohar,2067,1184,11,3262,63.36603310852238,36.29675045984059,0.33721643163703247
East,Bihar,Sitamarhi,20679,18856,2697,42232,48.96523962871756,44.64860769085054,6.3861526804319
East,Bihar,Siwan,6149,9025,137,15311,40.160668800208995,58.944549670171774,0.8947815296192281
East,Bihar,Supaul,5691,4563,157,10411,54.663336855249256,43.82864278167323,1.508020363077514
East,Bihar,Vaishali,8257,9698,52,18007,45.854389959460214,53.85683345365692,0.2887765868828789
East,Bihar,West Champaran,11585,18070,783,30438,38.06097641106512,59.3665812471253,2.57244234180958
East,Jharkhand,Bokaro,3505,2278,17,5800,60.43103448275862,39.275862068965516,0.2931034482758621
East,Jharkhand,Bokaro *,2,0,0,2,100.0,0.0,0.0
East,Jharkhand,Chatra,3448,2819,35,6302,54.71278959060616,44.73183116470962,0.5553792446842273
East,Jharkhand,Deoghar,4518,3679,127,8324,54.276790004805385,44.19750120134551,1.525708793849111
East,Jharkhand,Dhanbad,6878,4061,92,11031,62.35155470945517,36.81443205511739,0.8340132354274319
East,Jharkhand,Dumka,2743,2996,86,5825,47.09012875536481,51.433476394849784,1.4763948497854078
East,Jharkhand,East Singhbhum,5983,2109,99,8191,73.0435844219265,25.747771944817483,1.2086436332560129
East,Jharkhand,East Singhbum,848,546,53,1447,58.60400829302004,37.733241188666206,3.6627505183137523
East,Jharkhand,Garhwa,4523,1535,15,6073,74.47719413798781,25.27581096657336,0.24699489543882758
East,Jharkhand,Garhwa *,314,67,0,381,82.41469816272966,17.585301837270343,0.0
East,Jharkhand,Giridih,7695,6526,82,14303,53.79990211843669,45.626791582185554,0.5733062993777529
East,Jharkhand,Godda,3238,2135,17,5390,60.07421150278292,39.61038961038961,0.31539888682745826
East,Jharkhand,Gumla,4083,2524,94,6701,60.931204297865996,37.66601999701537,1.4027757051186391
East,Jharkhand,Hazaribag,358,208,0,566,63.25088339222616,36.74911660777385,0.0
East,Jharkhand,Hazaribagh,4125,2048,31,6204,66.48936170212765,33.01096067053514,0.49967762733720184
East,Jharkhand,Jamtara,3160,1274,16,4450,71.01123595505618,28.629213483146067,0.3595505617977528
East,Jharkhand,Khunti,1426,1173,45,2644,53.933434190620275,44.364599092284415,1.70196671709531
East,Jharkhand,Kodarma,184,126,0,310,59.354838709677416,40.64516129032258,0.0
East,Jharkhand,Koderma,2096,1114,12,3222,65.05276225946616,34.574798261949105,0.37243947858473
East,Jharkhand,Latehar,1675,923,11,2609,64.20084323495591,35.377539287083174,0.42161747796090454
East,Jharkhand,Lohardaga,1984,919,56,2959,67.04967894558973,31.05778979384927,1.8925312605610003
East,Jharkhand,Pakaur,197,100,0,297,66.32996632996633,33.670033670033675,0.0
East,Jharkhand,Pakur,3971,2908,45,6924,57.35124205661467,41.99884459849798,0.6499133448873483
East,Jharkhand,Palamau,220,66,0,286,76.92307692307693,23.076923076923077,0.0
East,Jharkhand,Palamu,6548,1994,64,8606,76.08645131303741,23.16988147803858,0.7436672089240065
East,Jharkhand,Pashchimi Singhbhum,346,252,1,599,57.76293823038397,42.07011686143572,0.1669449081803005
East,Jharkhand,Purbi Singhbhum,814,172,0,986,82.55578093306288,17.44421906693712,0.0
East,Jharkhand,Ramgarh,1902,1066,11,2979,63.84692849949648,35.783820073850286,0.36925142665323935
East,Jharkhand,Ranchi,9318,4613,334,14265,65.32071503680336,32.3378899404136,2.3413950227830354
East,Jharkhand,Sahebganj,3636,2670,15,6321,57.522543901281445,42.24015187470337,0.23730422401518747
East,Jharkhand,Sahibganj,187,178,0,365,51.23287671232877,48.76712328767123,0.0
East,Jharkhand,Seraikela-Kharsawan,2398,961,30,3389,70.75833579226911,28.356447329595753,0.885216878135143
East,Jharkhand,Seraikela-kharsawan,545,316,0,861,63.29849012775842,36.70150987224158,0.0
East,Jharkhand,Simdega,1472,594,13,2079,70.8032708032708,28.57142857142857,0.6253006253006254
East,Jharkhand,West Singhbhum,4211,2589,48,6848,61.492406542056074,37.80665887850467,0.7009345794392523
East,Odisha,ANGUL,1,0,0,1,100.0,0.0,0.0
East,Odisha,ANUGUL,12,1,0,13,92.3076923076923,7.6923076923076925,0.0
East,Odisha,Angul,2582,413,14,3009,85.80923894981721,13.725490196078432,0.4652708541043536
East,Odisha,Anugal,1,2,0,3,33.33333333333333,66.66666666666666,0.0
East,Odisha,Anugul,117,26,0,143,81.81818181818183,18.181818181818183,0.0
East,Odisha,Balangir,4254,924,56,5234,81.27627053878487,17.65380206343141,1.0699273977837218
East,Odisha,Baleshwar,641,204,0,845,75.85798816568048,24.142011834319526,0.0
East,Odisha,Baleswar,4864,1147,4,6015,80.86450540315877,19.068994181213633,0.06650041562759768
East,Odisha,Bargarh,4329,818,3,5150,84.05825242718447,15.883495145631068,0.05825242718446602
East,Odisha,Baudh,138,33,0,171,80.7017543859649,19.298245614035086,0.0
East,Odisha,Bhadrak,3369,1137,14,4520,74.5353982300885,25.15486725663717,0.30973451327433627
East,Odisha,Boudh,1177,245,2,1424,82.65449438202246,17.20505617977528,0.1404494382022472
East,Odisha,Cuttack,4040,1025,15,5080,79.52755905511812,20.177165354330707,0.2952755905511811
East,Odisha,Debagarh,776,95,5,876,88.58447488584474,10.844748858447488,0.5707762557077625
East,Odisha,Dhenkanal,2358,525,8,2891,81.56347284676583,18.159806295399516,0.2767208578346593
East,Odisha,Gajapati,1658,318,18,1994,83.1494483450351,15.947843530591776,0.9027081243731194
East,Odisha,Ganjam,6709,996,9,7714,86.97173969406275,12.911589318122893,0.1166709878143635
East,Odisha,JAJPUR,1967,456,49,2472,79.57119741100324,18.446601941747574,1.9822006472491909
East,Odisha,Jagatsinghapur,2821,304,24,3149,89.58399491902192,9.653858367735788,0.7621467132422992
East,Odisha,Jagatsinghpur,626,68,0,694,90.20172910662824,9.798270893371757,0.0
East,Odisha,Jajapur,2014,481,2,2497,80.65678814577493,19.263115738886665,0.08009611533840609
East,Odisha,Jajpur,10,7,0,17,58.82352941176471,41.17647058823529,0.0
East,Odisha,Jharsuguda,1071,86,0,1157,92.56698357821953,7.433016421780467,0.0
East,Odisha,Kalahandi,3350,1071,64,4485,74.69342251950948,23.879598662207357,1.4269788182831662
East,Odisha,Kandhamal,2603,438,8,3049,85.37225319776977,14.365365693670057,0.26238110856018365
East,Odisha,Kendrapara,3161,753,48,3962,79.78293791014639,19.00555275113579,1.2115093387178193
East,Odisha,Kendujhar,4330,1032,15,5377,80.52817556258137,19.192858471266504,0.27896596615212943
East,Odisha,Khorda,3496,654,165,4315,81.0196987253766,15.15643105446118,3.8238702201622248
East,Odisha,Khordha,385,98,13,496,77.62096774193549,19.758064516129032,2.620967741935484
East,Odisha,Koraput,3172,1165,46,4383,72.37052247319188,26.579968058407484,1.0495094684006387
East,Odisha,Malkangiri,2333,486,4,2823,82.64257881686149,17.215727948990438,0.14169323414806942
East,Odisha,Mayurbhanj,6227,1860,35,8122,76.66830829844866,22.900763358778626,0.4309283427727161
East,Odisha,NUAPADA,35,4,0,39,89.74358974358975,10.256410256410255,0.0
East,Odisha,Nabarangapur,4174,1990,65,6229,67.00915074650827,31.947343072724355,1.0435061807673784
East,Odisha,Nabarangpur,327,103,12,442,73.98190045248869,23.30316742081448,2.7149321266968327
East,Odisha,Nayagarh,2080,271,11,2362,88.06096528365792,11.47332768839966,0.46570702794242164
East,Odisha,Nuapada,1666,413,2,2081,80.05766458433445,19.846227775108122,0.09610764055742432
East,Odisha,Puri,2959,548,4,3511,84.2779834804899,15.60808886357163,0.11392765593847907
East,Odisha,Rayagada,2370,672,3,3045,77.83251231527095,22.06896551724138,0.09852216748768472
East,Odisha,Sambalpur,2234,317,1,2552,87.53918495297806,12.421630094043886,0.03918495297805642
East,Odisha,Sonapur,1266,221,1,1488,85.08064516129032,14.85215053763441,0.06720430107526883
East,Odisha,Subarnapur,339,60,0,399,84.9624060150376,15.037593984962406,0.0
East,Odisha,Sundargarh,486,105,0,591,82.23350253807106,17.766497461928935,0.0
East,Odisha,Sundergarh,3341,640,19,4000,83.525,16.0,0.475
East,Odisha,jajpur,14,4,0,18,77.77777777777779,22.22222222222222,0.0
East,West Bengal,24 Paraganas North,3177,2458,512,6147,51.68374816983895,39.98698552139255,8.329266308768506
East,West Bengal,24 Paraganas South,364,104,22,490,74.28571428571429,21.224489795918366,4.489795918367347
East,West Bengal,Alipurduar,1521,1714,438,3673,41.410291315001366,46.664851619929216,11.924857065069427
East,West Bengal,Bankura,9083,2122,150,11355,79.99119330691326,18.687802730074857,1.321003963011889
East,West Bengal,Barddhaman,12816,3006,14,15836,80.92952765849962,18.982066178327862,0.08840616317251832
East,West Bengal,Bardhaman,1345,428,3,1776,75.73198198198197,24.0990990990991,0.16891891891891891
East,West Bengal,Birbhum,13361,2041,107,15509,86.14997743245857,13.160100586756077,0.6899219807853505
East,West Bengal,Burdwan,2,0,0,2,100.0,0.0,0.0
East,West Bengal,Cooch Behar,7262,3220,246,10728,67.69202087994034,30.014914243102165,2.2930648769574944
East,West Bengal,Coochbehar,2140,2087,183,4410,48.52607709750567,47.32426303854875,4.149659863945578
East,West Bengal,Dakshin Dinajpur,5358,1069,99,6526,82.10235979160282,16.380631320870364,1.5170088875268157
East,West Bengal,Darjeeling,3967,2579,773,7319,54.20139363300998,35.23705424238284,10.561552124607186
East,West Bengal,Darjiling,535,189,2,726,73.69146005509641,26.033057851239672,0.27548209366391185
East,West Bengal,Dinajpur Dakshin,707,256,34,997,70.91273821464394,25.67703109327984,3.4102306920762286
East,West Bengal,Dinajpur Uttar,6478,4859,334,11671,55.50509810641762,41.63310770285323,2.8617941907291575
East,West Bengal,East Midnapore,1796,318,4,2118,84.79697828139756,15.01416430594901,0.18885741265344666
East,West Bengal,East Midnapur,1,0,0,1,100.0,0.0,0.0
East,West Bengal,HOOGHLY,5,1,0,6,83.33333333333334,16.666666666666664,0.0
East,West Bengal,HOWRAH,2,1,0,3,66.66666666666666,33.33333333333333,0.0
East,West Bengal,Haora,1943,917,2,2862,67.88958770090846,32.040531097134874,0.06988120195667365
East,West Bengal,Hawrah,3,3,0,6,50.0,50.0,0.0
East,West Bengal,Hooghiy,1,0,0,1,100.0,0.0,0.0
East,West Bengal,Hooghly,11132,3853,342,15327,72.62999934755659,25.13864422261369,2.2313564298297126
East,West Bengal,Howrah,8137,3124,146,11407,71.33339177697906,27.38669238187078,1.279915841150171
East,West Bengal,Hugli,148,46,0,194,76.28865979381443,23.711340206185564,0.0
East,West Bengal,Jalpaiguri,5674,4442,538,10654,53.25699267880608,41.693260747137224,5.049746574056693
East,West Bengal,Jhargram,741,171,50,962,77.02702702702703,17.775467775467778,5.197505197505198
East,West Bengal,KOLKATA,0,1,0,1,0.0,100.0,0.0
East,West Bengal,Kalimpong,176,184,153,513,34.30799220272904,35.86744639376218,29.82456140350877
East,West Bengal,Koch Bihar,2227,1111,10,3348,66.51732377538829,33.183990442054956,0.2986857825567503
East,West Bengal,Kolkata,5028,4610,723,10361,48.528134349966216,44.49377473216871,6.978090917865071
East,West Bengal,MALDA,14,1,0,15,93.33333333333333,6.666666666666667,0.0
East,West Bengal,Malda,11775,3956,84,15815,74.45463167878597,25.014226999683842,0.5311413215301928
East,West Bengal,Maldah,1190,566,0,1756,67.76765375854214,32.23234624145786,0.0
East,West Bengal,Medinipur,26,3,0,29,89.65517241379311,10.344827586206897,0.0
East,West Bengal,Medinipur West,325,300,20,645,50.3875968992248,46.51162790697674,3.10077519379845
East,West Bengal,Murshidabad,31442,4383,86,35911,87.55534515886497,12.205173902146974,0.23948093898805378
East,West Bengal,NADIA,3,0,0,3,100.0,0.0,0.0
East,West Bengal,Nadia,13244,3623,843,17710,74.78260869565217,20.457368718238282,4.760022586109542
East,West Bengal,North 24 Parganas,21517,5741,1348,28606,75.21848563238481,20.069216248339508,4.712298119275676
East,West Bengal,North Dinajpur,263,79,0,342,76.90058479532163,23.099415204678362,0.0
East,West Bengal,North Twenty Four Parganas,1226,399,2,1627,75.35341118623234,24.523663183773817,0.1229256299938537
East,West Bengal,Paschim Bardhaman,865,318,93,1276,67.78996865203762,24.921630094043888,7.2884012539184955
East,West Bengal,Paschim Medinipur,14240,3695,150,18085,78.73928670168648,20.431296654686204,0.8294166436273155
East,West Bengal,Purba Bardhaman,2523,390,128,3041,82.96612956264386,12.824728707661952,4.2091417296941795
East,West Bengal,Purba Medinipur,12954,1310,58,14322,90.44826141600335,9.146767211283342,0.4049713727133082
East,West Bengal,Purulia,539,243,1,783,68.83780332056195,31.03448275862069,0.1277139208173691
East,West Bengal,Puruliya,9674,3412,133,13219,73.18254028292608,25.81133217338679,1.006127543687117
East,West Bengal,South 24 Pargana,1,1,0,2,50.0,50.0,0.0
East,West Bengal,South 24 Parganas,25039,8197,304,33540,74.65414430530709,24.439475253428743,0.9063804412641622
East,West Bengal,South 24 parganas,2,0,0,2,100.0,0.0,0.0
East,West Bengal,South Dinajpur,375,71,0,446,84.08071748878923,15.919282511210762,0.0
East,West Bengal,South Twenty Four Parganas,2978,1125,4,4107,72.51034818602386,27.39225712198685,0.09739469198928659
East,West Bengal,Uttar Dinajpur,18397,8127,368,26892,68.41067975606127,30.220883534136544,1.3684367098021717
East,West Bengal,West Medinipur,1,1,0,2,50.0,50.0,0.0
East,West Bengal,West Midnapore,1647,540,3,2190,75.20547945205479,24.65753424657534,0.136986301369863
East,West Bengal,hooghly,8,2,0,10,80.0,20.0,0.0
East,West Bengal,nadia,2,1,0,3,66.66666666666666,33.33333333333333,0.0
Islands,Andaman And Nicobar Islands,Nicobar,64,11,0,75,85.33333333333334,14.666666666666666,0.0
Islands,Andaman And Nicobar Islands,North And Middle Andaman,128,4,0,132,96.96969696969697,3.0303030303030303,0.0
Islands,Andaman And Nicobar Islands,South Andaman,178,12,0,190,93.6842105263158,6.315789473684211,0.0
Islands,Lakshadweep,Lakshadweep,192,10,1,203,94.58128078817734,4.926108374384237,0.49261083743842365
North,Delhi,Central Delhi,2761,993,193,3947,69.9518621738029,25.158348112490497,4.889789713706612
North,Delhi,East Delhi,8055,2458,223,10736,75.0279433681073,22.894932935916543,2.077123695976155
North,Delhi,Najafgarh,21,9,0,30,70.0,30.0,0.0
North,Delhi,New Delhi,918,502,217,1637,56.07819181429444,30.6658521686011,13.25595601710446
North,Delhi,North Delhi,3148,1230,81,4459,70.5987889661359,27.584660237721465,1.8165507961426328
North,Delhi,North East,1328,408,2,1738,76.40966628308401,23.475258918296895,0.11507479861910241
North,Delhi,North East   *,2,0,0,2,100.0,0.0,0.0
North,Delhi,North East Delhi,8299,3749,65,12113,68.51316767109716,30.950218773218857,0.5366135556839758
North,Delhi,North West Delhi,12395,3293,355,16043,77.26111076481955,20.526086143489373,2.21280309169108
North,Delhi,Shahdara,1121,515,64,1700,65.94117647058823,30.294117647058822,3.7647058823529407
North,Delhi,South Delhi,10138,2780,477,13395,75.6849570735349,20.754012691302727,3.561030235162374
North,Delhi,South East Delhi,46,9,5,60,76.66666666666667,15.0,8.333333333333332
North,Delhi,South West Delhi,6951,1945,359,9255,75.10534846029174,21.015667206915182,3.8789843327930846
North,Delhi,West Delhi,14000,4405,1009,19414,72.1129082105697,22.68981147625425,5.1972803131760585
North,Haryana,Ambala,3063,122,33,3218,95.183343691734,3.791174642635177,1.0254816656308265
North,Haryana,Bhiwani,3321,152,16,3489,95.18486672398969,4.356549154485526,0.4585841215247922
North,Haryana,Charkhi Dadri,839,19,0,858,97.78554778554779,2.2144522144522143,0.0
North,Haryana,Faridabad,12607,3225,323,16155,78.03775920767563,19.96285979572888,1.9993809965954814
North,Haryana,Fatehabad,2510,92,10,2612,96.09494640122512,3.522205206738132,0.38284839203675347
North,Haryana,Gurgaon,5417,1247,197,6861,78.9535053199242,18.175193120536363,2.871301559539426
North,Haryana,Gurugram,1804,625,207,2636,68.43702579666162,23.710166919575112,7.852807283763277
North,Haryana,Hisar,4927,289,18,5234,94.13450515857853,5.521589606419564,0.3439052350019106
North,Haryana,Jhajjar,2515,99,10,2624,95.84603658536585,3.7728658536585367,0.38109756097560976
North,Haryana,Jhajjar *,0,1,0,1,0.0,100.0,0.0
North,Haryana,Jind,3729,92,0,3821,97.59225333682282,2.4077466631771784,0.0
North,Haryana,Kaithal,2894,85,12,2991,96.75693747910398,2.841858910063524,0.4012036108324975
North,Haryana,Karnal,3861,179,8,4048,95.38043478260869,4.421936758893281,0.1976284584980237
North,Haryana,Kurukshetra,2315,78,11,2404,96.29783693843595,3.24459234608985,0.4575707154742097
North,Haryana,Mahendragarh,2575,155,24,2754,93.50036310820624,5.628177196804648,0.8714596949891068
North,Haryana,Mewat,6989,550,19,7558,92.47155332098438,7.2770574225985705,0.2513892564170416
North,Haryana,Nuh,1251,213,42,1506,83.06772908366534,14.143426294820719,2.788844621513944
North,Haryana,Palwal,4367,332,4,4703,92.85562406974272,7.059323835849458,0.08505209440782478
North,Haryana,Panchkula,1287,92,5,1384,92.99132947976878,6.6473988439306355,0.36127167630057805
North,Haryana,Panipat,5498,543,47,6088,90.30880420499344,8.919185282522996,0.7720105124835742
North,Haryana,Rewari,2329,150,6,2485,93.72233400402415,6.036217303822937,0.2414486921529175
North,Haryana,Rohtak,3161,191,61,3413,92.61646645180194,5.596249633753296,1.7872839144447699
North,Haryana,Sirsa,3135,198,2,3335,94.00299850074963,5.93703148425787,0.05997001499250374
North,Haryana,Sonipat,4314,268,37,4619,93.39683914267157,5.802121671357437,0.8010391859709894
North,Haryana,Yamuna Nagar,3278,110,8,3396,96.52532391048292,3.239104829210836,0.23557126030624262
North,Haryana,Yamunanagar,56,3,0,59,94.91525423728814,5.084745762711865,0.0
North,Himachal Pradesh,Bilaspur,985,14,0,999,98.5985985985986,1.4014014014014013,0.0
North,Himachal Pradesh,Chamba,1586,64,7,1657,95.71514785757392,3.862401931200966,0.4224502112251056
North,Himachal Pradesh,Hamirpur,1181,16,1,1198,98.58096828046745,1.335559265442404,0.08347245409015025
North,Himachal Pradesh,Kangra,3869,75,22,3966,97.5542107917297,1.8910741301059002,0.5547150781643975
North,Himachal Pradesh,Kinnaur,137,21,5,163,84.04907975460122,12.883435582822086,3.067484662576687
North,Himachal Pradesh,Kullu,1022,111,106,1239,82.48587570621469,8.958837772397095,8.555286521388217
North,Himachal Pradesh,Lahaul and Spiti,3,0,0,3,100.0,0.0,0.0
North,Himachal Pradesh,Lahul & Spiti,36,2,0,38,94.73684210526315,5.263157894736842,0.0
North,Himachal Pradesh,Lahul and Spiti,31,1,0,32,96.875,3.125,0.0
North,Himachal Pradesh,Mandi,2460,43,11,2514,97.85202863961814,1.7104216388225937,0.4375497215592681
North,Himachal Pradesh,Shimla,1488,161,21,1670,89.10179640718563,9.640718562874252,1.2574850299401197
North,Himachal Pradesh,Sirmaur,1510,67,7,1584,95.32828282828282,4.22979797979798,0.4419191919191919
North,Himachal Pradesh,Solan,1105,65,6,1176,93.9625850340136,5.5272108843537415,0.5102040816326531
North,Himachal Pradesh,Una,1226,21,0,1247,98.3159582999198,1.6840417000801924,0.0
North,Jammu And Kashmir,Anantnag,2975,340,35,3350,88.80597014925374,10.149253731343283,1.0447761194029852
North,Jammu And Kashmir,Badgam,1674,190,1,1865,89.75871313672921,10.187667560321715,0.05361930294906167
North,Jammu And Kashmir,Bandipore,1288,308,43,1639,78.58450274557657,18.79194630872483,2.6235509456985966
North,Jammu And Kashmir,Baramula,3155,528,64,3747,84.20069388844409,14.091273018414732,1.7080330931411796
North,Jammu And Kashmir,Budgam,793,51,15,859,92.31664726426077,5.9371362048894065,1.7462165308498252
North,Jammu And Kashmir,Doda,3447,1023,32,4502,76.56597067969791,22.723234118169703,0.7107952021323856
North,Jammu And Kashmir,Ganderbal,773,59,11,843,91.69632265717675,6.998813760379596,1.3048635824436536
North,Jammu And Kashmir,Jammu,3697,825,36,4558,81.11013602457217,18.10004387889425,0.7898200965335673
North,Jammu And Kashmir,Kargil,386,139,1,526,73.38403041825094,26.425855513307983,0.19011406844106463
North,Jammu And Kashmir,Kathua,2635,310,9,2954,89.20108327691267,10.49424509140149,0.3046716316858497
North,Jammu And Kashmir,Kishtwar,1058,205,6,1269,83.37273443656422,16.15445232466509,0.4728132387706856
North,Jammu And Kashmir,Kulgam,970,232,9,1211,80.0990916597853,19.15772089182494,0.7431874483897605
North,Jammu And Kashmir,Kupwara,2392,443,40,2875,83.2,15.408695652173913,1.391304347826087
North,Jammu And Kashmir,Leh,163,42,1,206,79.12621359223301,20.388349514563107,0.48543689320388345
North,Jammu And Kashmir,Pulwama,1738,118,15,1871,92.89150187065741,6.306787814003206,0.8017103153393906
North,Jammu And Kashmir,Punch,2063,548,17,2628,78.50076103500761,20.85235920852359,0.6468797564687976
North,Jammu And Kashmir,Rajouri,2071,594,9,2674,77.4495138369484,22.213911742707555,0.3365744203440539
North,Jammu And Kashmir,Ramban,1317,597,6,1920,68.59375,31.093749999999996,0.3125
North,Jammu And Kashmir,Reasi,1136,570,9,1715,66.23906705539359,33.23615160349854,0.5247813411078718
North,Jammu And Kashmir,Samba,532,47,9,588,90.47619047619048,7.993197278911565,1.530612244897959
North,Jammu And Kashmir,Shopian,308,84,20,412,74.75728155339806,20.388349514563107,4.854368932038835
North,Jammu And Kashmir,Shupiyan,537,128,1,666,80.63063063063063,19.21921921921922,0.15015015015015015
North,Jammu And Kashmir,Srinagar,2851,270,135,3256,87.56142506142506,8.292383292383294,4.146191646191647
North,Jammu And Kashmir,Udhampur,2446,349,11,2806,87.17034925160371,12.437633642195296,0.3920171062009979
North,Jammu And Kashmir,punch,1,0,0,1,100.0,0.0,0.0
North,Punjab,Amritsar,7633,1775,247,9655,79.05748316934232,18.38425686172967,2.5582599689280165
North,Punjab,Barnala,926,79,8,1013,91.4116485686081,7.7986179664363275,0.7897334649555774
North,Punjab,Bathinda,2388,298,18,2704,88.31360946745562,11.020710059171597,0.6656804733727811
North,Punjab,Faridkot,793,99,10,902,87.91574279379158,10.975609756097562,1.1086474501108647
North,Punjab,Fatehgarh Sahib,891,144,13,1048,85.01908396946564,13.740458015267176,1.2404580152671756
North,Punjab,Fazilka,1630,271,10,1911,85.29565672422815,14.181057038199896,0.5232862375719518
North,Punjab,Ferozepur,1262,114,5,1381,91.38305575669804,8.254887762490949,0.3620564808110065
North,Punjab,Firozpur,347,48,0,395,87.84810126582279,12.151898734177214,0.0
North,Punjab,Gurdaspur,4436,558,126,5120,86.640625,10.8984375,2.4609375
North,Punjab,Hoshiarpur,3515,401,218,4134,85.02660861151428,9.700048379293662,5.2733430091920654
North,Punjab,Jalandhar,3314,732,72,4118,80.47595920349684,17.7756192326372,1.7484215638659544
North,Punjab,Kapurthala,2067,446,1213,3726,55.475040257648956,11.969940955448202,32.55501878690284
North,Punjab,Ludhiana,12209,4573,832,17614,69.31418190076076,25.962302713750425,4.723515385488816
North,Punjab,Malerkotla,711,146,8,865,82.19653179190752,16.878612716763005,0.9248554913294799
North,Punjab,Mansa,998,107,19,1124,88.79003558718861,9.519572953736654,1.6903914590747333
North,Punjab,Moga,1335,159,41,1535,86.97068403908796,10.35830618892508,2.671009771986971
North,Punjab,Muktsar,306,28,0,334,91.61676646706587,8.383233532934131,0.0
North,Punjab,Nawanshahr,169,23,0,192,88.02083333333334,11.979166666666668,0.0
North,Punjab,Pathankot,1033,67,15,1115,92.6457399103139,6.00896860986547,1.345291479820628
North,Punjab,Patiala,4298,769,83,5150,83.45631067961165,14.932038834951456,1.6116504854368934
North,Punjab,Rupnagar,1140,93,13,1246,91.49277688603532,7.463884430176565,1.043338683788122
North,Punjab,S.A.S Nagar,493,164,48,705,69.9290780141844,23.26241134751773,6.808510638297872
North,Punjab,S.A.S Nagar(Mohali),241,36,0,277,87.00361010830325,12.996389891696749,0.0
North,Punjab,SAS Nagar (Mohali),2398,493,62,2953,81.2055536742296,16.6948865560447,2.099559769725703
North,Punjab,Sangrur,2087,203,39,2329,89.60927436668098,8.71618720480893,1.6745384285100904
North,Punjab,Shaheed Bhagat Singh Nagar,801,101,44,946,84.6723044397463,10.676532769556026,4.651162790697675
North,Punjab,Sri Muktsar Sahib,1157,150,8,1315,87.9847908745247,11.406844106463879,0.6083650190114068
North,Punjab,Tarn Taran,2646,273,20,2939,90.03062266076897,9.288873766587274,0.6805035726437564
North,Rajasthan,Ajmer,9200,2787,148,12135,75.81376184590029,22.96662546353523,1.219612690564483
North,Rajasthan,Alwar,15764,7314,305,23383,67.41649916606082,31.279134413890436,1.3043664200487535
North,Rajasthan,Balotra,1,0,0,1,100.0,0.0,0.0
North,Rajasthan,Banswara,4203,3030,30,7263,57.86864931846345,41.718298223874434,0.41305245766212306
North,Rajasthan,Baran,4532,1658,77,6267,72.31530237753311,26.45603957236317,1.2286580501037179
North,Rajasthan,Barmer,10522,5233,96,15851,66.38066998927512,33.013689988013375,0.6056400227115009
North,Rajasthan,Beawar,1,0,0,1,100.0,0.0,0.0
North,Rajasthan,Bharatpur,10236,6643,175,17054,60.02110941714554,38.95273836050194,1.0261522223525272
North,Rajasthan,Bhilwara,7865,3035,183,11083,70.96454028692592,27.384282234052154,1.6511774790219254
North,Rajasthan,Bikaner,7464,5620,199,13283,56.192125272905216,42.30971918994203,1.4981555371527515
North,Rajasthan,Bundi,3414,1334,124,4872,70.07389162561576,27.380952380952383,2.5451559934318557
North,Rajasthan,Chittaurgarh,286,70,1,357,80.11204481792717,19.607843137254903,0.2801120448179272
North,Rajasthan,Chittorgarh,3698,2160,128,5986,61.77748078850651,36.08419645840294,2.1383227530905446
North,Rajasthan,Churu,7888,4732,160,12780,61.72143974960876,37.02660406885759,1.2519561815336464
North,Rajasthan,Dausa,4277,1807,49,6133,69.73748573292026,29.463557802054456,0.7989564650252732
North,Rajasthan,Deeg,13,36,12,61,21.311475409836063,59.01639344262295,19.672131147540984
North,Rajasthan,Deeg ,1,7,0,8,12.5,87.5,0.0
North,Rajasthan,Dhaulpur,93,46,0,139,66.90647482014388,33.093525179856115,0.0
North,Rajasthan,Dholpur,5719,2711,150,8580,66.65501165501165,31.596736596736598,1.7482517482517483
North,Rajasthan,Didwana-Kuchaman,2,0,0,2,100.0,0.0,0.0
North,Rajasthan,Dungarpur,3869,2649,53,6571,58.879926951757724,40.31349870643738,0.8065743418049004
North,Rajasthan,Ganganagar,4186,1276,42,5504,76.05377906976744,23.183139534883722,0.7630813953488371
North,Rajasthan,Hanumangarh,3628,1271,41,4940,73.4412955465587,25.72874493927125,0.8299595141700404
North,Rajasthan,Jaipur,21436,8976,734,31146,68.82424709432993,28.81910999807359,2.356642907596481
North,Rajasthan,Jaisalmer,1683,1120,51,2854,58.96986685353889,39.24316748423266,1.7869656622284513
North,Rajasthan,Jalor,7882,5875,234,13991,56.33621613894647,41.99128010864127,1.672503752412265
North,Rajasthan,Jalore,298,183,13,494,60.32388663967612,37.044534412955464,2.631578947368421
North,Rajasthan,Jhalawar,4978,2002,56,7036,70.75042637862423,28.453666856168276,0.7959067652075044
North,Rajasthan,Jhunjhunu,210,101,0,311,67.52411575562701,32.475884244372985,0.0
North,Rajasthan,Jhunjhunun,5749,1776,86,7611,75.53540927604783,23.334647221127316,1.1299435028248588
North,Rajasthan,Jodhpur,14563,6724,928,22215,65.55480531172631,30.267837047040285,4.1773576412334
North,Rajasthan,Karauli,5857,2670,109,8636,67.82075034738305,30.917091245947198,1.2621584066697544
North,Rajasthan,Kota,5545,1876,104,7525,73.68770764119601,24.930232558139533,1.3820598006644518
North,Rajasthan,Nagaur,11618,5441,208,17267,67.28441535877685,31.51097469160827,1.204609949614872
North,Rajasthan,Pali,6300,2696,118,9114,69.12442396313364,29.580864603906075,1.294711432960281
North,Rajasthan,Pratapgarh,2643,1133,18,3794,69.66262519768055,29.86294148655772,0.4744333157617291
North,Rajasthan,Rajsamand,3078,1405,29,4512,68.21808510638297,31.13918439716312,0.6427304964539007
North,Rajasthan,Salumbar,1,0,0,1,100.0,0.0,0.0
North,Rajasthan,Sawai Madhopur,4575,2083,86,6744,67.83807829181495,30.886714116251486,1.2752075919335706
North,Rajasthan,Sikar,8163,3061,176,11400,71.60526315789474,26.85087719298246,1.5438596491228072
North,Rajasthan,Sirohi,5500,4853,379,10732,51.24860231084607,45.21990309355199,3.5314945956019383
North,Rajasthan,Tonk,4198,1656,61,5915,70.97210481825866,27.996618765849533,1.0312764158918006
North,Rajasthan,Udaipur,8641,6073,192,14906,57.9699449885952,40.74198309405608,1.2880719173487187
North,Uttar Pradesh,Agra,16314,12691,905,29910,54.54363089267803,42.430625208960215,3.025743898361752
North,Uttar Pradesh,Aligarh,13830,11776,586,26192,52.80238240684179,44.9602932193036,2.2373243738546122
North,Uttar Pradesh,Allahabad,7254,5946,49,13249,54.75130198505548,44.87885878179485,0.36983923314967165
North,Uttar Pradesh,Ambedkar Nagar,3856,4096,50,8002,48.18795301174706,51.187203199200205,0.6248437890527367
North,Uttar Pradesh,Amethi,3890,3251,56,7197,54.05029873558427,45.17159927747672,0.7781019869390023
North,Uttar Pradesh,Amroha,5605,2476,61,8142,68.84057971014492,30.41021861950381,0.7492016703512651
North,Uttar Pradesh,Auraiya,2169,1547,17,3733,58.103402089472276,41.441200107152426,0.45539780337530134
North,Uttar Pradesh,Ayodhya,1027,634,32,1693,60.66154754873006,37.448316597755465,1.8901358535144714
North,Uttar Pradesh,Azamgarh,6717,13577,279,20573,32.64958926748651,65.99426432703058,1.3561464054829144
North,Uttar Pradesh,Baghpat,3482,3203,154,6839,50.91387629770434,46.834332504752155,2.2517911975435005
North,Uttar Pradesh,Bagpat,0,1,0,1,0.0,100.0,0.0
North,Uttar Pradesh,Bahraich,14674,22360,2304,39338,37.30235395800498,56.84071381361533,5.856932228379684
North,Uttar Pradesh,Ballia,4079,5860,37,9976,40.88813151563753,58.74097834803529,0.37089013632718526
North,Uttar Pradesh,Balrampur,4181,7907,236,12324,33.92567348263551,64.15936384290815,1.9149626744563453
North,Uttar Pradesh,Banda,4825,5563,203,10591,45.557548862241525,52.52572939288075,1.9167217448777263
North,Uttar Pradesh,Bara Banki,5776,3218,92,9086,63.570327977107645,35.41712524763373,1.0125467752586397
North,Uttar Pradesh,Barabanki,1401,922,52,2375,58.98947368421052,38.821052631578944,2.189473684210526
North,Uttar Pradesh,Bareilly,17187,10017,607,27811,61.79928805149042,36.018122325698464,2.182589622811118
North,Uttar Pradesh,Basti,4823,5216,80,10119,47.6628125308825,51.54659551339065,0.7905919557268505
North,Uttar Pradesh,Bhadohi,265,277,4,546,48.53479853479853,50.73260073260073,0.7326007326007326
North,Uttar Pradesh,Bijnor,12935,3843,73,16851,76.7610230846834,22.805768203667437,0.4332087116491603
North,Uttar Pradesh,Budaun,7773,7407,349,15529,50.05473629982613,47.69785562495975,2.2474080752141155
North,Uttar Pradesh,Bulandshahar,115,70,0,185,62.16216216216216,37.83783783783784,0.0
North,Uttar Pradesh,Bulandshahr,9155,7521,209,16885,54.219721646431736,44.54249333728161,1.2377850162866448
North,Uttar Pradesh,Chandauli,4405,4986,175,9566,46.04850512230818,52.122099100982645,1.8293957767091782
North,Uttar Pradesh,Chitrakoot,2951,2436,14,5401,54.63802999444547,45.10275874837993,0.25921125717459725
North,Uttar Pradesh,Deoria,4700,5443,114,10257,45.82236521400019,53.06619869357512,1.1114360924246856
North,Uttar Pradesh,Etah,6760,4345,159,11264,60.01420454545454,38.57421875,1.4115767045454546
North,Uttar Pradesh,Etawah,4173,2865,116,7154,58.33100363433045,40.04752585965893,1.6214705060106236
North,Uttar Pradesh,Faizabad,4052,2871,3,6926,58.50418712099336,41.452497834247765,0.04331504475887958
North,Uttar Pradesh,Farrukhabad,2844,2944,82,5870,48.44974446337309,50.15332197614991,1.3969335604770017
North,Uttar Pradesh,Fatehpur,6526,5582,225,12333,52.914943647125604,45.26068272115463,1.824373631719776
North,Uttar Pradesh,Firozabad,7250,4926,124,12300,58.94308943089431,40.04878048780488,1.0081300813008132
North,Uttar Pradesh,Gautam Buddha Nagar,9002,9318,637,18957,47.486416627103445,49.15334704858363,3.3602363243129187
North,Uttar Pradesh,Ghaziabad,11984,10693,393,23070,51.94625054182922,46.350238404854785,1.703511053315995
North,Uttar Pradesh,Ghazipur,4323,6894,71,11288,38.29730687455705,61.07370659107016,0.6289865343727853
North,Uttar Pradesh,Gonda,7445,7494,328,15267,48.765310801074214,49.08626449204166,2.1484247068841293
North,Uttar Pradesh,Gorakhpur,7454,12090,425,19969,37.32785818017928,60.54384295658271,2.128298863238019
North,Uttar Pradesh,Hamirpur,2040,1398,27,3465,58.87445887445888,40.34632034632035,0.7792207792207793
North,Uttar Pradesh,Hapur,4450,2771,41,7262,61.2778848801983,38.157532360231336,0.5645827595703663
North,Uttar Pradesh,Hardoi,12591,12290,312,25193,49.97816853887985,48.783392212122415,1.2384392489977374
North,Uttar Pradesh,Hathras,3815,2596,82,6493,58.755582935468965,39.98151855844756,1.2628985060834745
North,Uttar Pradesh,Jalaun,2791,2641,125,5557,50.22494151520605,47.525643332733495,2.249415152060464
North,Uttar Pradesh,Jaunpur,5400,10237,216,15853,34.0629533842175,64.5745284804138,1.3625181353687
North,Uttar Pradesh,Jhansi,4570,2519,71,7160,63.8268156424581,35.18156424581005,0.9916201117318436
North,Uttar Pradesh,Jyotiba Phule Nagar,61,23,0,84,72.61904761904762,27.380952380952383,0.0
North,Uttar Pradesh,Kannauj,3083,3455,100,6638,46.44471226272974,52.04880988249473,1.5064778547755346
North,Uttar Pradesh,Kanpur Dehat,4032,3802,183,8017,50.293127104902084,47.42422352500936,2.2826493700885617
North,Uttar Pradesh,Kanpur Nagar,11427,12606,675,24708,46.24817872753764,51.01991257892181,2.7319086935405537
North,Uttar Pradesh,Kasganj,3206,2977,158,6341,50.55984860432109,46.94843084686958,2.491720548809336
North,Uttar Pradesh,Kaushambi,4356,3038,69,7463,58.36794854616107,40.707490285408014,0.924561168430926
North,Uttar Pradesh,Kheri,11282,12841,455,24578,45.90283993815608,52.245910977296774,1.851249084547156
North,Uttar Pradesh,Kushi Nagar,779,777,14,1570,49.617834394904456,49.49044585987261,0.89171974522293
North,Uttar Pradesh,Kushinagar,4449,6132,30,10611,41.928187729714445,57.789086796720376,0.28272547356516825
North,Uttar Pradesh,Kushinagar *,5,1,0,6,83.33333333333334,16.666666666666664,0.0
North,Uttar Pradesh,Lalitpur,3376,1305,72,4753,71.02882390069429,27.456343362087104,1.5148327372185988
North,Uttar Pradesh,Lucknow,13739,11321,454,25514,53.84886728854747,44.371717488437724,1.7794152230148155
North,Uttar Pradesh,Maharajganj,6132,11265,474,17871,34.312573443008226,63.035084774215214,2.6523417827765656
North,Uttar Pradesh,Mahoba,1979,1029,12,3020,65.52980132450331,34.0728476821192,0.3973509933774834
North,Uttar Pradesh,Mahrajganj,10,9,0,19,52.63157894736842,47.368421052631575,0.0
North,Uttar Pradesh,Mainpuri,5056,6483,187,11726,43.1178577520041,55.28739553129797,1.594746716697936
North,Uttar Pradesh,Mathura,5851,5766,129,11746,49.812702196492424,49.08905159203133,1.0982462114762472
North,Uttar Pradesh,Mau,2590,4942,47,7579,34.173373796015305,65.20649162158595,0.6201345823987334
North,Uttar Pradesh,Meerut,14177,9598,252,24027,59.00445332334458,39.946726599242524,1.0488200774129104
North,Uttar Pradesh,Mirzapur,3536,4101,8,7645,46.252452583387836,53.642903858731195,0.10464355788096795
North,Uttar Pradesh,Moradabad,15196,6131,218,21545,70.53144581109306,28.456718496170808,1.0118356927361338
North,Uttar Pradesh,Muzaffarnagar,7250,4575,124,11949,60.674533433760146,38.28772282199347,1.0377437442463804
North,Uttar Pradesh,Pilibhit,8791,4631,213,13635,64.47378071140447,33.964063072973964,1.5621562156215623
North,Uttar Pradesh,Pratapgarh,5866,4386,56,10308,56.90725649980598,42.54947613504074,0.543267365153279
North,Uttar Pradesh,Prayagraj,1428,1255,182,2865,49.84293193717277,43.80453752181501,6.352530541012216
North,Uttar Pradesh,Rae Bareli,5812,3875,42,9729,59.73892486380923,39.8293760920958,0.43169904409497384
North,Uttar Pradesh,Raebareli,0,3,0,3,0.0,100.0,0.0
North,Uttar Pradesh,Rampur,12051,7757,302,20110,59.92541024365987,38.57284932869219,1.5017404276479362
North,Uttar Pradesh,Saharanpur,13708,5359,99,19166,71.52248773870396,27.96097255556715,0.516539705728895
North,Uttar Pradesh,Sambhal,4744,3816,117,8677,54.673274173101305,43.97833352541201,1.348392301486689
North,Uttar Pradesh,Sant Kabir Nagar,2789,3343,37,6169,45.20992057059491,54.19030637056249,0.5997730588426001
North,Uttar Pradesh,Sant Ravidas Nagar,1869,2547,4,4420,42.28506787330317,57.62443438914027,0.09049773755656108
North,Uttar Pradesh,Sant Ravidas Nagar Bhadohi,37,47,0,84,44.047619047619044,55.952380952380956,0.0
North,Uttar Pradesh,Shahjahanpur,12811,11033,447,24291,52.73969783047219,45.420114445679474,1.840187723848339
North,Uttar Pradesh,Shamli,5530,2613,57,8200,67.4390243902439,31.865853658536587,0.6951219512195123
North,Uttar Pradesh,Shravasti,867,1570,98,2535,34.201183431952664,61.93293885601578,3.8658777120315584
North,Uttar Pradesh,Shrawasti,1816,3151,150,5117,35.489544655071334,61.57905022474106,2.93140512018761
North,Uttar Pradesh,Siddharth Nagar,1603,2586,152,4341,36.92697535130154,59.57152729785764,3.50149735084082
North,Uttar Pradesh,Siddharthnagar,4875,8739,399,14013,34.789124384500106,62.36351958895312,2.847356026546778
North,Uttar Pradesh,Sitapur,16237,13869,748,30854,52.62526738834511,44.95041161599793,2.424320995656965
North,Uttar Pradesh,Sonbhadra,2998,2023,13,5034,59.55502582439413,40.186730234406035,0.25824394119984106
North,Uttar Pradesh,Sultanpur,5465,5837,132,11434,47.796046877733076,51.04950148679377,1.1544516354731502
North,Uttar Pradesh,Unnao,9838,8943,367,19148,51.37873407144349,46.70461667014832,1.9166492584081887
North,Uttar Pradesh,Varanasi,9479,13404,451,23334,40.6231250535699,57.44407302648496,1.9328019199451443
North,Uttarakhand,Almora,1228,131,8,1367,89.83174835405998,9.58302852962692,0.5852231163130944
North,Uttarakhand,Bageshwar,675,65,2,742,90.97035040431267,8.76010781671159,0.2695417789757413
North,Uttarakhand,Chamoli,1006,77,7,1090,92.29357798165138,7.064220183486239,0.6422018348623854
North,Uttarakhand,Champawat,769,96,1,866,88.79907621247114,11.085450346420323,0.11547344110854503
North,Uttarakhand,Dehradun,7797,1554,134,9485,82.20347917764892,16.383763837638377,1.4127569847127044
North,Uttarakhand,Garhwal,52,4,0,56,92.85714285714286,7.142857142857142,0.0
North,Uttarakhand,Hardwar,118,28,0,146,80.82191780821918,19.17808219178082,0.0
North,Uttarakhand,Haridwar,4688,1215,52,5955,78.72376154492024,20.40302267002519,0.873215785054576
North,Uttarakhand,Nainital,3417,458,76,3951,86.48443432042521,11.592002024803847,1.923563654770944
North,Uttarakhand,Pauri Garhwal,1677,165,14,1856,90.35560344827587,8.890086206896552,0.7543103448275862
North,Uttarakhand,Pithoragarh,1065,146,9,1220,87.29508196721312,11.967213114754099,0.7377049180327869
North,Uttarakhand,Rudraprayag,874,82,0,956,91.42259414225941,8.577405857740587,0.0
North,Uttarakhand,Tehri Garhwal,2444,324,13,2781,87.88205681409565,11.650485436893204,0.46745774901114706
North,Uttarakhand,Udham Singh Nagar,5092,985,18,6095,83.54388843314192,16.16078753076292,0.29532403609515995
North,Uttarakhand,Uttarkashi,978,149,5,1132,86.39575971731449,13.162544169611307,0.441696113074205
Northeast,Arunachal Pradesh,Anjaw,23,11,3,37,62.16216216216216,29.72972972972973,8.108108108108109
Northeast,Arunachal Pradesh,Changlang,486,304,13,803,60.52303860523038,37.858032378580326,1.61892901618929
Northeast,Arunachal Pradesh,Dibang Valley,7,3,0,10,70.0,30.0,0.0
Northeast,Arunachal Pradesh,East Kameng,88,79,14,181,48.61878453038674,43.646408839779006,7.734806629834254
Northeast,Arunachal Pradesh,East Siang,80,86,2,168,47.61904761904761,51.19047619047619,1.1904761904761905
Northeast,Arunachal Pradesh,Kamle,3,25,2,30,10.0,83.33333333333334,6.666666666666667
Northeast,Arunachal Pradesh,Kra Daadi,18,59,4,81,22.22222222222222,72.8395061728395,4.938271604938271
Northeast,Arunachal Pradesh,Kurung Kumey,19,44,12,75,25.333333333333336,58.666666666666664,16.0
Northeast,Arunachal Pradesh,Leparada,0,2,1,3,0.0,66.66666666666666,33.33333333333333
Northeast,Arunachal Pradesh,Lohit,102,63,1,166,61.44578313253012,37.95180722891566,0.6024096385542169
Northeast,Arunachal Pradesh,Longding,141,719,37,897,15.719063545150503,80.15607580824971,4.124860646599777
Northeast,Arunachal Pradesh,Lower Dibang Valley,58,49,2,109,53.21100917431193,44.95412844036697,1.834862385321101
Northeast,Arunachal Pradesh,Lower Siang,10,18,3,31,32.25806451612903,58.06451612903226,9.67741935483871
Northeast,Arunachal Pradesh,Lower Subansiri,50,55,0,105,47.61904761904761,52.38095238095239,0.0
Northeast,Arunachal Pradesh,Namsai,95,54,1,150,63.33333333333333,36.0,0.6666666666666667
Northeast,Arunachal Pradesh,Pakke Kessang,2,1,1,4,50.0,25.0,25.0
Northeast,Arunachal Pradesh,Papum Pare,201,241,5,447,44.966442953020135,53.914988814317674,1.1185682326621924
Northeast,Arunachal Pradesh,Shi-yomi,8,22,5,35,22.857142857142858,62.857142857142854,14.285714285714285
Northeast,Arunachal Pradesh,Siang,39,60,4,103,37.86407766990291,58.252427184466015,3.8834951456310676
Northeast,Arunachal Pradesh,Tawang,104,43,7,154,67.53246753246754,27.92207792207792,4.545454545454546
Northeast,Arunachal Pradesh,Tirap,59,39,1,99,59.59595959595959,39.39393939393939,1.0101010101010102
Northeast,Arunachal Pradesh,Upper Siang,21,21,1,43,48.837209302325576,48.837209302325576,2.3255813953488373
Northeast,Arunachal Pradesh,Upper Subansiri,76,55,12,143,53.14685314685315,38.46153846153847,8.391608391608392
Northeast,Arunachal Pradesh,West Kameng,157,103,18,278,56.4748201438849,37.05035971223021,6.474820143884892
Northeast,Arunachal Pradesh,West Siang,110,80,2,192,57.291666666666664,41.66666666666667,1.0416666666666665
Northeast,Assam,Bajali,19,8,2,29,65.51724137931035,27.586206896551722,6.896551724137931
Northeast,Assam,Baksa,2120,1179,400,3699,57.31278723979454,31.873479318734795,10.813733441470667
Northeast,Assam,Barpeta,10545,3306,532,14383,73.31571994715983,22.98546895640687,3.6988110964332894
Northeast,Assam,Biswanath,789,464,76,1329,59.36794582392777,34.91346877351392,5.718585402558315
Northeast,Assam,Bongaigaon,2324,626,225,3175,73.19685039370079,19.716535433070867,7.086614173228346
Northeast,Assam,Cachar,11474,4513,1527,17514,65.51330364280005,25.76795706292109,8.718739294278862
Northeast,Assam,Charaideo,659,336,194,1189,55.42472666105971,28.259041211101767,16.31623212783852
Northeast,Assam,Chirang,2013,1071,264,3348,60.12544802867383,31.989247311827956,7.885304659498208
Northeast,Assam,Darrang,4390,1914,1291,7595,57.80118499012509,25.200789993416723,16.998025016458197
Northeast,Assam,Dhemaji,3864,1846,1191,6901,55.99188523402405,26.74974641356325,17.258368352412695
Northeast,Assam,Dhubri,8432,3849,365,12646,66.67721018503875,30.436501660604144,2.8862881543571093
Northeast,Assam,Dibrugarh,3895,1675,1492,7062,55.154347210421975,23.71849334466157,21.127159444916455
Northeast,Assam,Dima Hasao,119,103,28,250,47.599999999999994,41.199999999999996,11.200000000000001
Northeast,Assam,Goalpara,6881,2220,797,9898,69.51909476661952,22.428773489593855,8.052131743786624
Northeast,Assam,Golaghat,5537,4047,1921,11505,48.12690134724033,35.176010430247715,16.69708822251195
Northeast,Assam,Hailakandi,3826,1441,311,5578,68.59089279311581,25.83363212621011,5.575475080674077
Northeast,Assam,Hojai,5288,1607,155,7050,75.00709219858156,22.79432624113475,2.198581560283688
Northeast,Assam,Jorhat,2905,1122,860,4887,59.443421321874354,22.958870472682626,17.597708205443013
Northeast,Assam,Kamrup,9311,3370,985,13666,68.132591833748,24.659739499487777,7.207668666764231
Northeast,Assam,Kamrup Metro,2654,2055,1337,6046,43.89679126695336,33.98941448891829,22.11379424412835
Northeast,Assam,Karbi Anglong,2918,4107,1082,8107,35.99358579005798,50.659923522881456,13.346490687060564
Northeast,Assam,Karimganj,9336,4903,594,14833,62.940740241353744,33.054675385963726,4.004584372682532
Northeast,Assam,Kokrajhar,2519,1572,518,4609,54.653937947494036,34.10718160121501,11.238880451290953
Northeast,Assam,Lakhimpur,4726,1825,648,7199,65.64800666759271,25.350743158772055,9.001250173635226
Northeast,Assam,Majuli,347,157,11,515,67.37864077669903,30.485436893203882,2.1359223300970873
Northeast,Assam,Marigaon,6735,2928,824,10487,64.22237055401926,27.920282254219508,7.857347191761228
Northeast,Assam,Nagaon,9002,3478,393,12873,69.92930940728657,27.017789171133376,3.052901421580051
Northeast,Assam,Nalbari,2709,977,195,3881,69.80159752641072,25.173924246328266,5.024478227261016
Northeast,Assam,North Cachar Hills,501,420,137,1058,47.35349716446125,39.69754253308129,12.948960302457465
Northeast,Assam,Sibsagar,1561,514,662,2737,57.033248081841435,18.77968578735842,24.187066130800147
Northeast,Assam,Sivasagar,204,113,105,422,48.34123222748815,26.77725118483412,24.881516587677723
Northeast,Assam,Sonitpur,5501,2723,973,9197,59.812982494291624,29.607480700228333,10.579536805480048
Northeast,Assam,South Salmara Mankachar,1062,364,46,1472,72.14673913043478,24.728260869565215,3.125
Northeast,Assam,Sribhumi,115,43,11,169,68.04733727810651,25.443786982248522,6.508875739644971
Northeast,Assam,Tamulpur District,22,33,0,55,40.0,60.0,0.0
Northeast,Assam,Tinsukia,3884,2867,1633,8384,46.3263358778626,34.19608778625955,19.477576335877863
Northeast,Assam,Udalguri,2658,1322,585,4565,58.22562979189485,28.95947426067908,12.814895947426066
Northeast,Assam,West Karbi Anglong,390,987,507,1884,20.70063694267516,52.38853503184714,26.910828025477706
Northeast,Manipur,Bishnupur,516,559,42,1117,46.195165622202325,50.044762757385854,3.7600716204118174
Northeast,Manipur,Chandel,244,510,5,759,32.14756258234519,67.19367588932806,0.6587615283267457
Northeast,Manipur,Churachandpur,1256,3274,108,4638,27.080638206123332,70.59077188443294,2.3285899094437257
Northeast,Manipur,Imphal East,559,564,9,1132,49.381625441696116,49.82332155477032,0.7950530035335688
Northeast,Manipur,Imphal West,645,559,32,1236,52.18446601941748,45.226537216828476,2.5889967637540456
Northeast,Manipur,Jiribam,53,91,1,145,36.55172413793103,62.758620689655174,0.6896551724137931
Northeast,Manipur,Kakching,39,69,1,109,35.77981651376147,63.30275229357798,0.9174311926605505
Northeast,Manipur,Pherzawl,1,10,0,11,9.090909090909092,90.9090909090909,0.0
Northeast,Manipur,Senapati,764,721,16,1501,50.89940039973351,48.0346435709527,1.0659560293137909
Northeast,Manipur,Tamenglong,297,634,29,960,30.9375,66.04166666666667,3.0208333333333335
Northeast,Manipur,Thoubal,423,638,6,1067,39.64386129334583,59.79381443298969,0.5623242736644799
Northeast,Manipur,Ukhrul,343,424,14,781,43.918053777208705,54.289372599231754,1.792573623559539
Northeast,Meghalaya,East Garo Hills,1012,3366,1674,6052,16.721744877726373,55.61797752808989,27.66027759418374
Northeast,Meghalaya,East Jaintia Hills,983,2354,1796,5133,19.150594194428212,45.8601207870641,34.989285018507694
Northeast,Meghalaya,East Khasi Hills,4258,14606,9948,28812,14.778564487019297,50.69415521310565,34.52728029987505
Northeast,Meghalaya,Eastern West Khasi Hills,3,226,589,818,0.36674816625916873,27.628361858190708,72.00488997555013
Northeast,Meghalaya,Jaintia Hills,4,0,0,4,100.0,0.0,0.0
Northeast,Meghalaya,Kamrup,13,71,59,143,9.090909090909092,49.65034965034965,41.25874125874126
Northeast,Meghalaya,North Garo Hills,457,1854,758,3069,14.890843923101988,60.410557184750736,24.69859889214728
Northeast,Meghalaya,Ri Bhoi,1338,4598,3372,9308,14.37473141383756,49.39836699613236,36.22690159003008
Northeast,Meghalaya,South Garo Hills,568,2427,1446,4441,12.789912181941004,54.64985363656834,32.56023418149066
Northeast,Meghalaya,South West Garo Hills,2417,1656,883,4956,48.76916868442292,33.41404358353511,17.81678773204197
Northeast,Meghalaya,South West Khasi Hills,789,1543,1114,3446,22.89611143354614,44.77655252466628,32.32733604178758
Northeast,Meghalaya,West Garo Hills,4545,6790,4540,15875,28.629921259842522,42.77165354330709,28.598425196850393
Northeast,Meghalaya,West Jaintia Hills,2382,5636,3798,11816,20.159106296547055,47.6980365605958,32.142857142857146
Northeast,Meghalaya,West Khasi Hills,2410,8178,5310,15898,15.159139514404327,51.44043275883759,33.40042772675808
Northeast,Mizoram,Aizawl,762,236,61,1059,71.95467422096317,22.285174693106704,5.760151085930123
Northeast,Mizoram,Champhai,805,269,91,1165,69.09871244635193,23.09012875536481,7.8111587982832615
Northeast,Mizoram,Hnahthial,2,0,0,2,100.0,0.0,0.0
Northeast,Mizoram,Khawzawl,5,7,24,36,13.88888888888889,19.444444444444446,66.66666666666666
Northeast,Mizoram,Kolasib,189,51,35,275,68.72727272727272,18.545454545454547,12.727272727272727
Northeast,Mizoram,Lawngtlai,1164,381,97,1642,70.88915956151035,23.203410475030452,5.907429963459196
Northeast,Mizoram,Lunglei,541,116,69,726,74.51790633608816,15.977961432506888,9.50413223140496
Northeast,Mizoram,Mamit,141,27,3,171,82.45614035087719,15.789473684210526,1.7543859649122806
Northeast,Mizoram,Mammit,71,8,0,79,89.87341772151899,10.126582278481013,0.0
Northeast,Mizoram,Saiha,374,181,102,657,56.925418569254184,27.54946727549467,15.52511415525114
Northeast,Mizoram,Saitual,2,3,7,12,16.666666666666664,25.0,58.333333333333336
Northeast,Mizoram,Serchhip,80,16,6,102,78.43137254901961,15.686274509803921,5.88235294117647
Northeast,Nagaland,Chumukedima,37,97,50,184,20.108695652173914,52.71739130434783,27.173913043478258
Northeast,Nagaland,Dimapur,1118,1802,276,3196,34.981226533166456,56.38297872340425,8.635794743429287
Northeast,Nagaland,Kiphire,163,693,52,908,17.951541850220266,76.3215859030837,5.726872246696035
Northeast,Nagaland,Kohima,562,952,107,1621,34.66995681677977,58.72917951881554,6.600863664404688
Northeast,Nagaland,Longleng,205,636,48,889,23.059617547806525,71.54105736782903,5.399325084364454
Northeast,Nagaland,Meluri,2,13,2,17,11.76470588235294,76.47058823529412,11.76470588235294
Northeast,Nagaland,Mokokchung,132,315,43,490,26.93877551020408,64.28571428571429,8.775510204081632
Northeast,Nagaland,Mon,618,1434,171,2223,27.800269905533064,64.50742240215924,7.6923076923076925
Northeast,Nagaland,Niuland,14,15,2,31,45.16129032258064,48.38709677419355,6.451612903225806
Northeast,Nagaland,Noklak,70,246,38,354,19.774011299435028,69.49152542372882,10.734463276836157
Northeast,Nagaland,Peren,511,843,100,1454,35.14442916093535,57.97799174690509,6.87757909215956
Northeast,Nagaland,Phek,309,695,39,1043,29.626078619367206,66.63470757430488,3.7392138063279003
Northeast,Nagaland,Shamator,3,221,23,247,1.214574898785425,89.47368421052632,9.31174089068826
Northeast,Nagaland,Tseminyu,7,15,10,32,21.875,46.875,31.25
Northeast,Nagaland,Tuensang,512,983,84,1579,32.42558581380621,62.254591513616205,5.319822672577581
Northeast,Nagaland,Wokha,118,410,30,558,21.14695340501792,73.47670250896059,5.376344086021505
Northeast,Nagaland,Zunheboto,131,583,47,761,17.21419185282523,76.60972404730617,6.176084099868594
Northeast,Sikkim,East,215,153,2,370,58.108108108108105,41.351351351351354,0.5405405405405406
Northeast,Sikkim,East Sikkim,184,136,19,339,54.27728613569322,40.117994100294986,5.604719764011799
Northeast,Sikkim,Mangan,0,2,1,3,0.0,66.66666666666666,33.33333333333333
Northeast,Sikkim,Namchi,3,7,14,24,12.5,29.166666666666668,58.333333333333336
Northeast,Sikkim,North,34,10,0,44,77.27272727272727,22.727272727272727,0.0
Northeast,Sikkim,North Sikkim,45,17,0,62,72.58064516129032,27.419354838709676,0.0
Northeast,Sikkim,South,88,108,1,197,44.67005076142132,54.82233502538071,0.5076142131979695
Northeast,Sikkim,South Sikkim,187,247,25,459,40.74074074074074,53.812636165577345,5.446623093681917
Northeast,Sikkim,West,92,111,5,208,44.230769230769226,53.36538461538461,2.403846153846154
Northeast,Sikkim,West Sikkim,206,256,39,501,41.11776447105788,51.09780439121756,7.784431137724551
Northeast,Tripura,Dhalai,777,607,36,1420,54.718309859154935,42.74647887323943,2.535211267605634
Northeast,Tripura,Dhalai  *,28,4,0,32,87.5,12.5,0.0
Northeast,Tripura,Gomati,464,204,11,679,68.33578792341679,30.04418262150221,1.6200294550810017
Northeast,Tripura,Khowai,196,99,44,339,57.817109144542776,29.20353982300885,12.979351032448378
Northeast,Tripura,North Tripura,1046,416,26,1488,70.29569892473118,27.956989247311824,1.747311827956989
Northeast,Tripura,Sepahijala,1121,577,30,1728,64.87268518518519,33.3912037037037,1.7361111111111112
Northeast,Tripura,South Tripura,1348,804,6,2158,62.46524559777572,37.256719184430025,0.27803521779425394
Northeast,Tripura,Unakoti,433,179,27,639,67.76212832550861,28.012519561815335,4.225352112676056
Northeast,Tripura,West Tripura,1963,764,75,2802,70.05710206995003,27.26623840114204,2.676659528907923
Other,100000,100000,0,1,217,218,0.0,0.45871559633027525,99.54128440366972
Other,Andaman & Nicobar Islands,Andamans,70,5,0,75,93.33333333333333,6.666666666666667,0.0
Other,Andaman & Nicobar Islands,Nicobars,1,0,0,1,100.0,0.0,0.0
Other,Andaman & Nicobar Islands,South Andaman,38,0,0,38,100.0,0.0,0.0
Other,Chandigarh,Chandigarh,2473,211,36,2720,90.91911764705883,7.757352941176471,1.3235294117647058
Other,Chandigarh,Rupnagar,3,0,0,3,100.0,0.0,0.0
Other,Dadra & Nagar Haveli,Dadra & Nagar Haveli,22,3,0,25,88.0,12.0,0.0
Other,Dadra And Nagar Haveli,Dadra and Nagar Haveli,669,71,4,744,89.91935483870968,9.543010752688172,0.5376344086021506
Other,Daman & Diu,Daman,8,1,0,9,88.88888888888889,11.11111111111111,0.0
Other,Daman & Diu,Diu,12,0,0,12,100.0,0.0,0.0
Other,Daman And Diu,Daman,47,11,0,58,81.03448275862068,18.96551724137931,0.0
Other,Daman And Diu,Diu,60,2,0,62,96.7741935483871,3.225806451612903,0.0
Other,Jammu & Kashmir,Anantnag,3,1,0,4,75.0,25.0,0.0
Other,Jammu & Kashmir,Badgam,0,2,0,2,0.0,100.0,0.0
Other,Jammu & Kashmir,Bandipur,2,0,0,2,100.0,0.0,0.0
Other,Jammu & Kashmir,Baramula,43,4,0,47,91.48936170212765,8.51063829787234,0.0
Other,Jammu & Kashmir,Doda,2,0,0,2,100.0,0.0,0.0
Other,Jammu & Kashmir,Jammu,52,10,0,62,83.87096774193549,16.129032258064516,0.0
Other,Jammu & Kashmir,Kargil,2,2,0,4,50.0,50.0,0.0
Other,Jammu & Kashmir,Kathua,8,0,0,8,100.0,0.0,0.0
Other,Jammu & Kashmir,Kupwara,8,1,0,9,88.88888888888889,11.11111111111111,0.0
Other,Jammu & Kashmir,Leh (ladakh),3,0,0,3,100.0,0.0,0.0
Other,Jammu & Kashmir,Pulwama,4,0,0,4,100.0,0.0,0.0
Other,Jammu & Kashmir,Punch,1,0,0,1,100.0,0.0,0.0
Other,Jammu & Kashmir,Rajauri,1,1,0,2,50.0,50.0,0.0
Other,Jammu & Kashmir,Srinagar,2,1,0,3,66.66666666666666,33.33333333333333,0.0
Other,Jammu & Kashmir,Udhampur,2,0,0,2,100.0,0.0,0.0
Other,Ladakh,Kargil,365,120,7,492,74.1869918699187,24.390243902439025,1.4227642276422763
Other,Ladakh,Leh,101,13,11,125,80.80000000000001,10.4,8.799999999999999
Other,Orissa,Anugul,42,9,0,51,82.35294117647058,17.647058823529413,0.0
Other,Orissa,Balangir,328,108,0,436,75.22935779816514,24.770642201834864,0.0
Other,Orissa,Baleshwar,337,47,0,384,87.76041666666666,12.239583333333332,0.0
Other,Orissa,Baleswar,2,1,0,3,66.66666666666666,33.33333333333333,0.0
Other,Orissa,Bargarh,82,7,0,89,92.13483146067416,7.865168539325842,0.0
Other,Orissa,Baudh,4,0,0,4,100.0,0.0,0.0
Other,Orissa,Bhadrak,332,39,0,371,89.4878706199461,10.512129380053908,0.0
Other,Orissa,Cuttack,265,57,0,322,82.29813664596274,17.70186335403727,0.0
Other,Orissa,Debagarh,7,0,0,7,100.0,0.0,0.0
Other,Orissa,Dhenkanal,108,18,0,126,85.71428571428571,14.285714285714285,0.0
Other,Orissa,Gajapati,8,0,0,8,100.0,0.0,0.0
Other,Orissa,Ganjam,354,48,0,402,88.05970149253731,11.940298507462686,0.0
Other,Orissa,Jagatsinghapur,31,4,0,35,88.57142857142857,11.428571428571429,0.0
Other,Orissa,Jajapur,93,18,0,111,83.78378378378379,16.216216216216218,0.0
Other,Orissa,Jharsuguda,25,0,0,25,100.0,0.0,0.0
Other,Orissa,Kalahandi,11,0,0,11,100.0,0.0,0.0
Other,Orissa,Kandhamal,30,2,0,32,93.75,6.25,0.0
Other,Orissa,Kendrapara,49,4,0,53,92.45283018867924,7.547169811320755,0.0
Other,Orissa,Kendrapara *,1,0,0,1,100.0,0.0,0.0
Other,Orissa,Kendujhar,39,10,0,49,79.59183673469387,20.408163265306122,0.0
Other,Orissa,Khorda,1,1,0,2,50.0,50.0,0.0
Other,Orissa,Khordha,629,97,0,726,86.63911845730028,13.360881542699724,0.0
Other,Orissa,Koraput,94,25,0,119,78.99159663865547,21.008403361344538,0.0
Other,Orissa,Malkangiri,40,7,0,47,85.1063829787234,14.893617021276595,0.0
Other,Orissa,Mayurbhanj,31,1,0,32,96.875,3.125,0.0
Other,Orissa,Nabarangapur,1,2,0,3,33.33333333333333,66.66666666666666,0.0
Other,Orissa,Nayagarh,92,12,0,104,88.46153846153845,11.538461538461538,0.0
Other,Orissa,Nuapada,2,0,0,2,100.0,0.0,0.0
Other,Orissa,Puri,194,26,0,220,88.18181818181819,11.818181818181818,0.0
Other,Orissa,Rayagada,146,35,0,181,80.66298342541437,19.337016574585636,0.0
Other,Orissa,Sambalpur,21,4,0,25,84.0,16.0,0.0
Other,Orissa,Sonapur,22,0,0,22,100.0,0.0,0.0
Other,Orissa,Subarnapur,6,0,0,6,100.0,0.0,0.0
Other,Orissa,Sundargarh,121,18,0,139,87.05035971223022,12.949640287769784,0.0
Other,Orissa,Sundergarh,0,1,0,1,0.0,100.0,0.0
Other,Pondicherry,Karaikal,154,8,0,162,95.06172839506173,4.938271604938271,0.0
Other,Pondicherry,Pondicherry,1015,69,0,1084,93.63468634686348,6.365313653136531,0.0
Other,Pondicherry,Yanam,24,2,0,26,92.3076923076923,7.6923076923076925,0.0
Other,The Dadra And Nagar Haveli And Daman And Diu,Dadra And Nagar Haveli,548,141,27,716,76.53631284916202,19.692737430167597,3.7709497206703912
Other,West  Bengal,Hooghly,9,6,0,15,60.0,40.0,0.0
Other,West Bangal,Hooghly,5,1,0,6,83.33333333333334,16.666666666666664,0.0
Other,West Bangal,Howrah,2,2,0,4,50.0,50.0,0.0
Other,Westbengal,HOOGHLY,1,0,0,1,100.0,0.0,0.0
Other,Westbengal,Hooghly,3,3,0,6,50.0,50.0,0.0
South,Andhra Pradesh,Adilabad,1137,281,1,1419,80.12684989429175,19.802677942212828,0.07047216349541931
South,Andhra Pradesh,Alluri Sitharama Raju,1105,116,34,1255,88.04780876494024,9.243027888446214,2.7091633466135456
South,Andhra Pradesh,Anakapalli,523,12,8,543,96.31675874769797,2.209944751381215,1.4732965009208103
South,Andhra Pradesh,Anantapur,4089,326,0,4415,92.61608154020385,7.383918459796149,0.0
South,Andhra Pradesh,Ananthapur,1843,151,0,1994,92.42728184553661,7.57271815446339,0.0
South,Andhra Pradesh,Ananthapuramu,3018,159,10,3187,94.69720740508315,4.989017885158456,0.31377470975839344
South,Andhra Pradesh,Annamayya,868,48,105,1021,85.01469147894221,4.701273261508325,10.28403525954946
South,Andhra Pradesh,Bapatla,421,55,16,492,85.56910569105692,11.178861788617885,3.2520325203252036
South,Andhra Pradesh,Chittoor,7493,659,43,8195,91.43380109823063,8.041488712629652,0.5247101891397193
South,Andhra Pradesh,Cuddapah,5519,413,2,5934,93.00640377485676,6.959892146949781,0.03370407819346141
South,Andhra Pradesh,Dr. B. R. Ambedkar Konaseema,618,30,17,665,92.93233082706766,4.511278195488721,2.556390977443609
South,Andhra Pradesh,East Godavari,7161,507,10,7678,93.26647564469914,6.603282104714769,0.13024225058609012
South,Andhra Pradesh,Eluru,568,45,16,629,90.30206677265501,7.154213036565977,2.5437201907790143
South,Andhra Pradesh,Guntur,8769,925,35,9729,90.13259327782917,9.507657518758352,0.3597492034124781
South,Andhra Pradesh,Hyderabad,3831,1008,1,4840,79.15289256198346,20.826446280991735,0.02066115702479339
South,Andhra Pradesh,K.V.Rangareddy,55,14,0,69,79.71014492753623,20.28985507246377,0.0
South,Andhra Pradesh,K.v. Rangareddy,15,4,0,19,78.94736842105263,21.052631578947366,0.0
South,Andhra Pradesh,Kakinada,858,84,27,969,88.54489164086688,8.6687306501548,2.786377708978328
South,Andhra Pradesh,Karim Nagar,71,11,0,82,86.58536585365853,13.414634146341465,0.0
South,Andhra Pradesh,Karimnagar,552,107,0,659,83.76327769347496,16.236722306525035,0.0
South,Andhra Pradesh,Khammam,869,264,0,1133,76.69902912621359,23.300970873786408,0.0
South,Andhra Pradesh,Krishna,6163,540,34,6737,91.47988719014398,8.015437138192073,0.5046756716639453
South,Andhra Pradesh,Kurnool,10923,823,24,11770,92.80373831775701,6.992353440951573,0.20390824129141888
South,Andhra Pradesh,Mahabub Nagar,1079,432,0,1511,71.409662475182,28.590337524818,0.0
South,Andhra Pradesh,Mahabubnagar,7,0,0,7,100.0,0.0,0.0
South,Andhra Pradesh,Mahbubnagar,511,211,0,722,70.77562326869807,29.224376731301938,0.0
South,Andhra Pradesh,Medak,1176,229,1,1406,83.64153627311522,16.287339971550498,0.07112375533428165
South,Andhra Pradesh,N. T. R,790,97,46,933,84.67309753483387,10.39657020364416,4.930332261521972
South,Andhra Pradesh,Nalgonda,951,216,0,1167,81.49100257069408,18.50899742930591,0.0
South,Andhra Pradesh,Nandyal,860,39,6,905,95.02762430939227,4.30939226519337,0.6629834254143646
South,Andhra Pradesh,Nellore,4611,754,2,5367,85.91391839016211,14.048816843674306,0.037264766163592325
South,Andhra Pradesh,Nizamabad,453,71,0,524,86.45038167938931,13.549618320610687,0.0
South,Andhra Pradesh,Palnadu,759,76,25,860,88.25581395348837,8.837209302325581,2.9069767441860463
South,Andhra Pradesh,Parvathipuram Manyam,464,36,8,508,91.33858267716536,7.086614173228346,1.574803149606299
South,Andhra Pradesh,Prakasam,6405,1157,61,7623,84.02203856749311,15.177751541387904,0.8002098911189821
South,Andhra Pradesh,Rangareddi,1478,405,0,1883,78.49176845459374,21.508231545406268,0.0
South,Andhra Pradesh,Spsr Nellore,1167,713,303,2183,53.45854328905176,32.66147503435639,13.879981676591846
South,Andhra Pradesh,Sri Potti Sriramulu Nellore,689,622,303,1614,42.68897149938042,38.53779429987608,18.773234200743495
South,Andhra Pradesh,Sri Sathya Sai,879,40,19,938,93.71002132196162,4.264392324093817,2.025586353944563
South,Andhra Pradesh,Srikakulam,4157,135,8,4300,96.67441860465115,3.1395348837209305,0.18604651162790697
South,Andhra Pradesh,Tirupati,802,689,228,1719,46.65503199534613,40.081442699243745,13.263525305410123
South,Andhra Pradesh,Visakhapatanam,186,28,12,226,82.30088495575221,12.389380530973451,5.3097345132743365
South,Andhra Pradesh,Visakhapatnam,7688,460,30,8178,94.00831499144044,5.624847150892639,0.36683785766691124
South,Andhra Pradesh,Vizianagaram,3695,158,3,3856,95.8246887966805,4.097510373443983,0.07780082987551867
South,Andhra Pradesh,Warangal,858,201,0,1059,81.01983002832861,18.980169971671387,0.0
South,Andhra Pradesh,West Godavari,5568,343,24,5935,93.81634372367313,5.77927548441449,0.40438079191238413
South,Andhra Pradesh,Y. S. R,738,52,33,823,89.6719319562576,6.318347509113001,4.0097205346294045
South,Andhra Pradesh,chittoor,4,0,0,4,100.0,0.0,0.0
South,Andhra Pradesh,rangareddi,1,0,0,1,100.0,0.0,0.0
South,Goa,Bardez,2,0,0,2,100.0,0.0,0.0
South,Goa,North Goa,1109,146,99,1354,81.90546528803544,10.782865583456426,7.3116691285081234
South,Goa,South Goa,805,108,64,977,82.39508700102354,11.05424769703173,6.550665301944729
South,Karnataka,Bagalkot,6158,900,84,7142,86.22234668160179,12.601512181461775,1.1761411369364323
South,Karnataka,Bagalkot *,218,31,0,249,87.55020080321285,12.449799196787147,0.0
South,Karnataka,Ballari,2450,267,64,2781,88.09780654440848,9.60086299892125,2.3013304566702626
South,Karnataka,Bangalore,5776,1236,4,7016,82.32611174458381,17.616875712656785,0.05701254275940707
South,Karnataka,Bangalore Rural,2251,267,126,2644,85.13615733736762,10.098335854765507,4.765506807866869
South,Karnataka,Belagavi,7063,622,120,7805,90.49327354260089,7.969250480461243,1.5374759769378605
South,Karnataka,Belgaum,5861,880,2,6743,86.9197686489693,13.050570962479608,0.029660388551090017
South,Karnataka,Bellary,3623,596,1,4220,85.85308056872037,14.123222748815165,0.023696682464454978
South,Karnataka,Bengaluru,20441,6732,3807,30980,65.9812782440284,21.73014848289219,12.288573273079406
South,Karnataka,Bengaluru Rural,1439,730,621,2790,51.577060931899645,26.16487455197133,22.258064516129032
South,Karnataka,Bengaluru South,15,183,5,203,7.389162561576355,90.14778325123153,2.4630541871921183
South,Karnataka,Bengaluru Urban,12111,7167,3796,23074,52.48764843546849,31.060934385022104,16.451417179509402
South,Karnataka,Bidar,3960,896,64,4920,80.48780487804879,18.211382113821138,1.3008130081300813
South,Karnataka,Bijapur,3296,930,5,4231,77.90120538879698,21.980619238950602,0.1181753722524226
South,Karnataka,Bijapur(KAR),3,0,0,3,100.0,0.0,0.0
South,Karnataka,Chamarajanagar,232,17,0,249,93.17269076305222,6.827309236947792,0.0
South,Karnataka,Chamarajanagar *,23,0,0,23,100.0,0.0,0.0
South,Karnataka,Chamrajanagar,1988,216,23,2227,89.26807364167041,9.69914683430624,1.03277952402335
South,Karnataka,Chamrajnagar,356,24,0,380,93.6842105263158,6.315789473684211,0.0
South,Karnataka,Chickmagalur,1129,102,0,1231,91.7140536149472,8.285946385052803,0.0
South,Karnataka,Chikkaballapur,2842,296,14,3152,90.16497461928934,9.390862944162437,0.4441624365482234
South,Karnataka,Chikkamagaluru,1018,95,38,1151,88.44483058210251,8.253692441355343,3.301476976542137
South,Karnataka,Chikmagalur,145,9,0,154,94.15584415584416,5.844155844155844,0.0
South,Karnataka,Chitradurga,4042,326,45,4413,91.59302062089282,7.3872648991615675,1.0197144799456153
South,Karnataka,Dakshina Kannada,5896,530,79,6505,90.63797079169869,8.147578785549578,1.2144504227517294
South,Karnataka,Davanagere,437,46,0,483,90.47619047619048,9.523809523809524,0.0
South,Karnataka,Davangere,4416,352,45,4813,91.75150633700395,7.313525867442344,0.9349677955537088
South,Karnataka,Dharwad,4733,351,19,5103,92.74936311973349,6.878306878306878,0.3723300019596316
South,Karnataka,Gadag,4088,349,20,4457,91.72088849001571,7.830379178819833,0.4487323311644604
South,Karnataka,Gadag *,135,10,0,145,93.10344827586206,6.896551724137931,0.0
South,Karnataka,Gulbarga,3650,703,3,4356,83.79247015610652,16.1386593204775,0.06887052341597796
South,Karnataka,Hasan,944,49,0,993,95.06545820745217,4.934541792547835,0.0
South,Karnataka,Hassan,2333,142,19,2494,93.54450681635926,5.693664795509222,0.7618283881315157
South,Karnataka,Haveri,3917,266,59,4242,92.33851956624234,6.270627062706271,1.3908533710513908
South,Karnataka,Haveri *,111,6,0,117,94.87179487179486,5.128205128205128,0.0
South,Karnataka,Kalaburagi,4096,602,84,4782,85.65453785027185,12.588874947720619,1.7565872020075282
South,Karnataka,Kodagu,1095,75,41,1211,90.42113955408753,6.193228736581338,3.3856317093311312
South,Karnataka,Kolar,3841,314,31,4186,91.75824175824175,7.501194457716196,0.7405637840420449
South,Karnataka,Koppal,4752,650,49,5451,87.17666483214089,11.924417538066411,0.8989176297926986
South,Karnataka,Mandya,3401,150,43,3594,94.629938786867,4.173622704507513,1.196438508625487
South,Karnataka,Mysore,2857,214,2,3073,92.97103807354377,6.96387894565571,0.06508298080052066
South,Karnataka,Mysuru,3650,463,248,4361,83.69639990827793,10.616831002063746,5.686769089658336
South,Karnataka,Raichur,7619,2056,104,9779,77.91185192759997,21.02464464669189,1.0635034257081502
South,Karnataka,Ramanagar,2559,379,11,2949,86.77517802644964,12.851814174296372,0.3730077992539844
South,Karnataka,Ramanagara,168,24,12,204,82.35294117647058,11.76470588235294,5.88235294117647
South,Karnataka,Shimoga,2111,149,0,2260,93.40707964601769,6.592920353982301,0.0
South,Karnataka,Shivamogga,2004,182,43,2229,89.90578734858681,8.16509645580978,1.9291161956034097
South,Karnataka,Tumakuru,2792,161,47,3000,93.06666666666666,5.366666666666667,1.5666666666666667
South,Karnataka,Tumkur,2754,188,0,2942,93.60978925900748,6.390210740992522,0.0
South,Karnataka,Udupi,3338,210,43,3591,92.95460874408242,5.847953216374268,1.1974380395433026
South,Karnataka,Udupi *,2,0,0,2,100.0,0.0,0.0
South,Karnataka,Uttara Kannada,3219,221,30,3470,92.76657060518731,6.368876080691642,0.8645533141210375
South,Karnataka,Vijayanagara,1822,241,56,2119,85.98395469561115,11.373289287399716,2.642756016989146
South,Karnataka,Vijayapura,4662,842,92,5596,83.3095067905647,15.046461758398857,1.6440314510364546
South,Karnataka,Yadgir,4847,1300,111,6258,77.45286033876638,20.773410035155003,1.7737296260786195
South,Karnataka,yadgir,573,116,0,689,83.16400580551525,16.835994194484762,0.0
South,Kerala,Alappuzha,2536,892,131,3559,71.25597077830851,25.063220005619556,3.6808092160719306
South,Kerala,Ernakulam,4185,1807,332,6324,66.17647058823529,28.573687539531946,5.249841872232764
South,Kerala,Idukki,1399,271,28,1698,82.39104829210837,15.959952885747938,1.6489988221436984
South,Kerala,Kannur,4013,1722,230,5965,67.27577535624476,28.868398994132438,3.8558256496227994
South,Kerala,Kasaragod,2695,798,62,3555,75.80872011251758,22.447257383966246,1.7440225035161745
South,Kerala,Kasargod,251,64,0,315,79.68253968253968,20.317460317460316,0.0
South,Kerala,Kollam,3814,1042,213,5069,75.24166502268692,20.556322746103767,4.202012231209311
South,Kerala,Kottayam,2465,804,52,3321,74.22463113520024,24.209575429087625,1.5657934357121348
South,Kerala,Kozhikode,4587,1914,203,6704,68.42183770883055,28.55011933174224,3.0280429594272076
South,Kerala,Malappuram,10205,4116,246,14567,70.05560513489394,28.25564632388275,1.688748541223313
South,Kerala,Palakkad,5174,1381,169,6724,76.94824509220702,20.538370017846518,2.5133848899464604
South,Kerala,Pathanamthitta,1398,480,73,1951,71.6555612506407,24.602767811378783,3.7416709379805226
South,Kerala,Thiruvananthapuram,4836,1394,433,6663,72.57991895542548,20.921506828755813,6.4985742158187
South,Kerala,Thrissur,4914,1672,485,7071,69.49512091641917,23.645877527930985,6.859001555649838
South,Kerala,Wayanad,1265,233,18,1516,83.44327176781002,15.369393139841689,1.1873350923482848
South,Puducherry,Karaikal,363,30,12,405,89.62962962962962,7.4074074074074066,2.9629629629629632
South,Puducherry,Pondicherry,3,0,0,3,100.0,0.0,0.0
South,Puducherry,Puducherry,1213,85,32,1330,91.203007518797,6.390977443609022,2.4060150375939853
South,Puducherry,Yanam,6,1,0,7,85.71428571428571,14.285714285714285,0.0
South,Tamil Nadu,Ariyalur,1927,405,80,2412,79.8922056384743,16.791044776119403,3.316749585406302
South,Tamil Nadu,Chengalpattu,862,319,72,1253,68.79489225857941,25.458898643256184,5.746209098164405
South,Tamil Nadu,Chennai,7686,2159,198,10043,76.53091705665638,21.49756048989346,1.9715224534501645
South,Tamil Nadu,Coimbatore,7139,1804,43,8986,79.44580458490987,20.07567326953038,0.47852214555975964
South,Tamil Nadu,Cuddalore,7493,1093,44,8630,86.8250289687138,12.665121668597914,0.5098493626882966
South,Tamil Nadu,Dharmapuri,4840,851,48,5739,84.33525004356159,14.828367311378287,0.836382645060115
South,Tamil Nadu,Dindigul,4678,1393,12,6083,76.90284399145159,22.89988492520138,0.1972710833470327
South,Tamil Nadu,Erode,4964,1045,8,6017,82.49958451055343,17.36745886654479,0.1329566229017783
South,Tamil Nadu,Kallakurichi,877,149,38,1064,82.42481203007519,14.003759398496241,3.571428571428571
South,Tamil Nadu,Kancheepuram,9629,3354,67,13050,73.78544061302682,25.701149425287355,0.5134099616858238
South,Tamil Nadu,Kanchipuram,277,89,21,387,71.57622739018088,22.997416020671835,5.426356589147287
South,Tamil Nadu,Kanniyakumari,2139,135,1,2275,94.02197802197803,5.934065934065933,0.04395604395604395
South,Tamil Nadu,Kanyakumari,1896,92,17,2005,94.56359102244389,4.58852867830424,0.8478802992518704
South,Tamil Nadu,Karur,3362,654,3,4019,83.65264991291366,16.27270465289873,0.07464543418760886
South,Tamil Nadu,Krishnagiri,4157,910,8,5075,81.91133004926108,17.93103448275862,0.15763546798029557
South,Tamil Nadu,Madurai,8875,1024,39,9938,89.30368283356812,10.303884081304085,0.39243308512779235
South,Tamil Nadu,Mayiladuthurai,437,64,1,502,87.05179282868527,12.749003984063744,0.199203187250996
South,Tamil Nadu,Nagapattinam,3315,732,0,4047,81.91252779836915,18.08747220163084,0.0
South,Tamil Nadu,Namakkal,4257,606,9,4872,87.3768472906404,12.438423645320198,0.18472906403940886
South,Tamil Nadu,Namakkal   *,0,1,0,1,0.0,100.0,0.0
South,Tamil Nadu,Perambalur,1898,232,0,2130,89.10798122065728,10.892018779342722,0.0
South,Tamil Nadu,Pudukkottai,5339,1670,36,7045,75.78424414478353,23.70475514549326,0.511000709723208
South,Tamil Nadu,Ramanathapuram,3318,644,43,4005,82.84644194756554,16.079900124843945,1.0736579275905118
South,Tamil Nadu,Ranipet,97,13,1,111,87.38738738738738,11.711711711711711,0.9009009009009009
South,Tamil Nadu,Salem,8417,1608,224,10249,82.12508537418285,15.689335544931213,2.18557908088594
South,Tamil Nadu,Sivaganga,3740,685,21,4446,84.12055780476832,15.407107512370672,0.47233468286099867
South,Tamil Nadu,Tenkasi,1150,118,0,1268,90.69400630914826,9.305993690851736,0.0
South,Tamil Nadu,Thanjavur,5881,1471,20,7372,79.77482365708084,19.95387954422138,0.27129679869777534
South,Tamil Nadu,The Nilgiris,1279,430,5,1714,74.62077012835474,25.087514585764293,0.29171528588098017
South,Tamil Nadu,Theni,2908,563,2,3473,83.73164411171898,16.210768787791537,0.05758710048949035
South,Tamil Nadu,Thiruvallur,461,134,10,605,76.19834710743801,22.14876033057851,1.6528925619834711
South,Tamil Nadu,Thiruvarur,3346,816,3,4165,80.33613445378151,19.591836734693878,0.07202881152460984
South,Tamil Nadu,Thoothukkudi,4439,877,3,5319,83.45553675502913,16.48806166572664,0.05640157924421885
South,Tamil Nadu,Tiruchirappalli,8396,1531,5,9932,84.53483689085783,15.414820781312926,0.05034232782923883
South,Tamil Nadu,Tirunelveli,8303,1370,2,9675,85.81912144702842,14.160206718346252,0.020671834625323
South,Tamil Nadu,Tirupathur,4,0,0,4,100.0,0.0,0.0
South,Tamil Nadu,Tirupattur,944,102,2,1048,90.07633587786259,9.732824427480915,0.19083969465648853
South,Tamil Nadu,Tiruppur,5078,1109,5,6192,82.00904392764858,17.910206718346252,0.08074935400516796
South,Tamil Nadu,Tiruvallur,8712,2665,58,11435,76.18714473108876,23.30564057717534,0.5072146917358985
South,Tamil Nadu,Tiruvannamalai,6556,677,33,7266,90.22846132672723,9.31736856592348,0.45417010734929814
South,Tamil Nadu,Tiruvarur,1,0,0,1,100.0,0.0,0.0
South,Tamil Nadu,Tuticorin,1,1,0,2,50.0,50.0,0.0
South,Tamil Nadu,Vellore,8271,1309,53,9633,85.86110246029276,13.5887054915395,0.5501920481677567
South,Tamil Nadu,Villupuram,5854,915,3,6772,86.4441819255759,13.511518015357355,0.044300059066745424
South,Tamil Nadu,Viluppuram,4341,781,0,5122,84.75204998047637,15.247950019523623,0.0
South,Tamil Nadu,Virudhunagar,4769,627,11,5407,88.20048085814685,11.59607915664879,0.2034399852043647
South,Telangana,Adilabad,2517,467,3,2987,84.2651489789086,15.634415801807833,0.1004352192835621
South,Telangana,Bhadradri Kothagudem,2490,682,39,3211,77.54593584553099,21.239489255683587,1.214574898785425
South,Telangana,Hanumakonda,916,109,5,1030,88.93203883495146,10.58252427184466,0.48543689320388345
South,Telangana,Hyderabad,19721,5600,669,25990,75.87918430165448,21.546748749519047,2.574066948826472
South,Telangana,Jagitial,1488,98,9,1595,93.29153605015674,6.144200626959248,0.5642633228840125
South,Telangana,Jangaon,66,15,0,81,81.48148148148148,18.51851851851852,0.0
South,Telangana,Jangoan,892,130,0,1022,87.279843444227,12.720156555772993,0.0
South,Telangana,Jayashankar Bhupalpally,670,173,4,847,79.10271546635182,20.425029515938604,0.47225501770956313
South,Telangana,Jogulamba Gadwal,1543,299,2,1844,83.6767895878525,16.21475054229935,0.10845986984815618
South,Telangana,K.v. Rangareddy,13564,3681,164,17409,77.91372278706416,21.144235740134413,0.9420414728014246
South,Telangana,Kamareddy,1862,144,2,2008,92.72908366533864,7.171314741035857,0.099601593625498
South,Telangana,Karimnagar,5115,686,7,5808,88.06818181818183,11.81129476584022,0.12052341597796143
South,Telangana,Khammam,2800,1079,9,3888,72.0164609053498,27.752057613168724,0.23148148148148145
South,Telangana,Komaram Bheem,917,189,0,1106,82.91139240506328,17.088607594936708,0.0
South,Telangana,Mahabubabad,1249,253,1,1503,83.10046573519627,16.833000665335994,0.0665335994677312
South,Telangana,Mahabubnagar,7689,2463,16,10168,75.6195908733281,24.22305271439811,0.15735641227380015
South,Telangana,Mancherial,924,169,1,1094,84.46069469835467,15.447897623400367,0.09140767824497258
South,Telangana,Medak,6158,1379,7,7544,81.62778366914104,18.279427359490985,0.09278897136797455
South,Telangana,Medchal Malkajgiri,409,265,30,704,58.09659090909091,37.64204545454545,4.261363636363636
South,Telangana,Medchal-malkajgiri,3064,900,106,4070,75.28255528255528,22.11302211302211,2.6044226044226044
South,Telangana,Medchal?malkajgiri,1,1,0,2,50.0,50.0,0.0
South,Telangana,Medchal−malkajgiri,445,88,2,535,83.17757009345794,16.448598130841123,0.3738317757009346
South,Telangana,Mulugu,700,233,4,937,74.70651013874067,24.86659551760939,0.42689434364994666
South,Telangana,Nagarkurnool,1077,282,2,1361,79.13299044819986,20.720058780308598,0.1469507714915503
South,Telangana,Nalgonda,5405,1246,10,6661,81.14397237652004,18.705900015012762,0.1501276084671971
South,Telangana,Narayanpet,1082,224,4,1310,82.59541984732824,17.099236641221374,0.3053435114503817
South,Telangana,Nirmal,1292,106,3,1401,92.21984296930763,7.566024268379729,0.21413276231263384
South,Telangana,Nizamabad,5985,583,9,6577,90.99893568496275,8.864223810247832,0.13684050478941767
South,Telangana,Peddapalli,513,72,3,588,87.24489795918367,12.244897959183673,0.5102040816326531
South,Telangana,Rajanna Sircilla,834,51,3,888,93.91891891891892,5.743243243243244,0.33783783783783783
South,Telangana,Ranga Reddy,181,93,10,284,63.732394366197184,32.74647887323944,3.5211267605633805
South,Telangana,Rangareddy,237,61,2,300,79.0,20.333333333333332,0.6666666666666667
South,Telangana,Sangareddy,2224,468,11,2703,82.27894931557529,17.314095449500556,0.4069552349241583
South,Telangana,Siddipet,1701,174,1,1876,90.67164179104478,9.275053304904052,0.053304904051172705
South,Telangana,Suryapet,1743,297,2,2042,85.35749265426053,14.54456415279138,0.0979431929480901
South,Telangana,Vikarabad,2085,506,2,2593,80.40879290397224,19.514076359429232,0.07713073659853452
South,Telangana,Wanaparthy,1266,401,0,1667,75.94481103779243,24.05518896220756,0.0
South,Telangana,Warangal,2462,490,0,2952,83.40108401084011,16.59891598915989,0.0
South,Telangana,Warangal (urban),6,1,0,7,85.71428571428571,14.285714285714285,0.0
South,Telangana,Warangal Rural,660,70,2,732,90.1639344262295,9.562841530054644,0.273224043715847
South,Telangana,Warangal Urban,585,72,6,663,88.23529411764706,10.85972850678733,0.904977375565611
South,Telangana,Yadadri.,1380,205,1,1586,87.01134930643127,12.925598991172762,0.06305170239596469
West,Dadra And Nagar Haveli And Daman And Diu,Dadra and Nagar Haveli,70,10,8,88,79.54545454545455,11.363636363636363,9.090909090909092
West,Dadra And Nagar Haveli And Daman And Diu,Daman,49,5,9,63,77.77777777777779,7.936507936507936,14.285714285714285
West,Dadra And Nagar Haveli And Daman And Diu,Diu,12,6,4,22,54.54545454545454,27.27272727272727,18.181818181818183
West,Gujarat,Ahmadabad,4105,2322,240,6667,61.57192140392981,34.82825858707065,3.59982000899955
West,Gujarat,Ahmedabad,12844,5679,607,19130,67.14061683220073,29.686356508102456,3.1730266596968115
West,Gujarat,Amreli,3460,587,246,4293,80.59631959003029,13.67342184952248,5.73025856044724
West,Gujarat,Anand,5616,828,536,6980,80.45845272206303,11.862464183381089,7.679083094555874
West,Gujarat,Arvalli,1952,322,117,2391,81.63948138854036,13.467168548724384,4.893350062735257
West,Gujarat,Banas Kantha,5997,6719,782,13498,44.42880426729886,49.777744851089054,5.793450881612091
West,Gujarat,Banaskantha,9944,5781,1635,17360,57.28110599078341,33.30069124423963,9.418202764976959
West,Gujarat,Bharuch,3745,508,98,4351,86.07216731785796,11.675476901861641,2.252355780280395
West,Gujarat,Bhavnagar,8420,1309,445,10174,82.75997641045802,12.8661293493218,4.373894240220169
West,Gujarat,Botad,2302,474,171,2947,78.11333559552087,16.084153376314898,5.8025110281642345
West,Gujarat,Chhotaudepur,2215,1303,589,4107,53.93231068906744,31.726320915510104,14.34136839542245
West,Gujarat,Dahod,5341,3891,1277,10509,50.82310400609001,37.02540679417642,12.151489199733561
West,Gujarat,Dang,531,179,162,872,60.89449541284404,20.527522935779814,18.577981651376145
West,Gujarat,Devbhumi Dwarka,1845,422,223,2490,74.09638554216868,16.947791164658636,8.95582329317269
West,Gujarat,Dohad,5003,7330,670,13003,38.47573636853034,56.37160655233407,5.152657079135584
West,Gujarat,Gandhinagar,4075,837,738,5650,72.12389380530973,14.814159292035397,13.061946902654867
West,Gujarat,Gir Somnath,4375,975,373,5723,76.44591997204263,17.036519308055215,6.517560719902149
West,Gujarat,Jamnagar,4998,799,281,6078,82.23099703849951,13.145771635406383,4.62323132609411
West,Gujarat,Junagadh,4876,568,92,5536,88.07803468208093,10.260115606936417,1.6618497109826589
West,Gujarat,Kachchh,6176,2605,521,9302,66.39432380133304,28.004730165555795,5.600946033111159
West,Gujarat,Kheda,5826,1224,517,7567,76.99220298665257,16.175498876701468,6.832298136645963
West,Gujarat,Mahesana,5289,908,293,6490,81.49460708782743,13.990755007704161,4.5146379044684135
West,Gujarat,Mahisagar,2036,397,130,2563,79.43815840811548,15.489660554038236,5.072181037846274
West,Gujarat,Morbi,5548,1803,653,8004,69.31534232883558,22.52623688155922,8.158420789605197
West,Gujarat,Narmada,1155,96,29,1280,90.234375,7.5,2.265625
West,Gujarat,Navsari,2453,201,103,2757,88.97352194414219,7.290533188248095,3.735944867609721
West,Gujarat,Panch Mahals,858,444,100,1402,61.19828815977175,31.669044222539227,7.132667617689016
West,Gujarat,Panchmahals,4828,1122,329,6279,76.89122471731167,17.869087434304827,5.2396878483835
West,Gujarat,Patan,6023,2228,716,8967,67.16850674696107,24.846659975465595,7.984833277573325
West,Gujarat,Porbandar,2006,332,181,2519,79.6347757046447,13.17983326716951,7.185391028185788
West,Gujarat,Rajkot,12419,3732,919,17070,72.75336848271822,21.86291739894552,5.383714118336262
West,Gujarat,Sabar Kantha,1083,1197,157,2437,44.43988510463685,49.117767747230204,6.44234714813295
West,Gujarat,Sabarkantha,3603,1173,339,5115,70.43988269794721,22.932551319648095,6.6275659824046915
West,Gujarat,Surat,18412,6399,658,25469,72.29180572460638,25.12466135301739,2.583532922376222
West,Gujarat,Surendra Nagar,4853,1665,337,6855,70.79504011670313,24.288840262582056,4.916119620714807
West,Gujarat,Surendranagar,771,593,78,1442,53.46740638002774,41.123439667128984,5.409153952843273
West,Gujarat,Tapi,1856,205,151,2212,83.90596745027125,9.267631103074141,6.826401446654612
West,Gujarat,The Dangs,1068,186,74,1328,80.42168674698796,14.006024096385541,5.572289156626506
West,Gujarat,Vadodara,9306,2433,545,12284,75.7570823835884,19.8062520351677,4.436665581243894
West,Gujarat,Valsad,5818,1406,224,7448,78.11493018259935,18.877551020408163,3.007518796992481
West,Maharashtra,Ahilyanagar,12,1,0,13,92.3076923076923,7.6923076923076925,0.0
West,Maharashtra,Ahmadnagar,9369,2338,129,11836,79.15680973301791,19.75329503210544,1.0898952348766475
West,Maharashtra,Ahmed Nagar,277,63,0,340,81.47058823529412,18.529411764705884,0.0
West,Maharashtra,Ahmednagar,182,158,28,368,49.45652173913043,42.934782608695656,7.608695652173914
West,Maharashtra,Akola,3966,693,49,4708,84.23959218351742,14.719626168224298,1.040781648258284
West,Maharashtra,Amravati,5783,1025,107,6915,83.6297903109183,14.822848879248014,1.547360809833695
West,Maharashtra,Aurangabad,12374,4874,145,17393,71.14356350255851,28.02276778014144,0.8336687173000632
West,Maharashtra,Beed,7454,2461,270,10185,73.18605792832597,24.162984781541482,2.6509572901325478
West,Maharashtra,Bhandara,1842,55,6,1903,96.79453494482397,2.8901734104046244,0.3152916447714136
West,Maharashtra,Bid,439,129,0,568,77.2887323943662,22.711267605633804,0.0
West,Maharashtra,Buldana,963,112,0,1075,89.5813953488372,10.418604651162791,0.0
West,Maharashtra,Buldhana,5849,1093,142,7084,82.56634669678148,15.429136081309993,2.0045172219085265
West,Maharashtra,Chandrapur,4014,375,86,4475,89.69832402234637,8.379888268156424,1.9217877094972067
West,Maharashtra,Chatrapati Sambhaji Nagar,114,81,16,211,54.02843601895735,38.388625592417064,7.5829383886255926
West,Maharashtra,Chhatrapati Sambhajinagar,411,365,234,1010,40.69306930693069,36.13861386138614,23.16831683168317
West,Maharashtra,Dharashiv,89,28,27,144,61.80555555555556,19.444444444444446,18.75
West,Maharashtra,Dhule,7244,4842,519,12605,57.46925823086077,38.41332804442681,4.117413724712415
West,Maharashtra,Gadchiroli,2084,268,22,2374,87.7843302443134,11.288963774220724,0.9267059814658803
West,Maharashtra,Gondia,25,4,0,29,86.20689655172413,13.793103448275861,0.0
West,Maharashtra,Gondiya,2780,104,6,2890,96.19377162629758,3.598615916955018,0.20761245674740486
West,Maharashtra,Gondiya *,53,4,0,57,92.98245614035088,7.017543859649122,0.0
West,Maharashtra,Hingoli,6359,1457,373,8189,77.65294907803151,17.792160214922458,4.554890707046037
West,Maharashtra,Hingoli *,1,0,0,1,100.0,0.0,0.0
West,Maharashtra,Jalgaon,10454,2579,227,13260,78.83861236802413,19.449472096530922,1.7119155354449473
West,Maharashtra,Jalna,4627,944,19,5590,82.77280858676207,16.887298747763865,0.33989266547406083
West,Maharashtra,Kolhapur,6423,985,72,7480,85.86898395721924,13.168449197860962,0.9625668449197862
West,Maharashtra,Latur,5828,1631,148,7607,76.6136453266728,21.440778230577102,1.9455764427500986
West,Maharashtra,Mumbai,10594,3881,77,14552,72.80098955470038,26.669873556899393,0.5291368884002199
West,Maharashtra,Mumbai City,2314,449,166,2929,79.00307272106521,15.329463980880847,5.667463298053943
West,Maharashtra,Mumbai Suburban,12480,4946,790,18216,68.51119894598156,27.151954325867365,4.336846728151076
West,Maharashtra,Mumbai( Sub Urban ),340,79,0,419,81.14558472553699,18.85441527446301,0.0
West,Maharashtra,Nagpur,10093,1502,233,11828,85.33141697666554,12.698681095705105,1.9699019276293541
West,Maharashtra,Nanded,9164,2447,336,11947,76.70544906671131,20.482129404871515,2.812421528417176
West,Maharashtra,Nandurbar,7649,2630,237,10516,72.73678204640548,25.00950931913275,2.2537086344617725
West,Maharashtra,Nandurbar *,106,33,1,140,75.71428571428571,23.57142857142857,0.7142857142857143
West,Maharashtra,Nashik,16262,5802,304,22368,72.70207439198856,25.938841201716738,1.3590844062947067
West,Maharashtra,Osmanabad,3303,713,10,4026,82.04172876304024,17.70988574267263,0.24838549428713363
West,Maharashtra,Palghar,7343,3191,165,10699,68.63258248434433,29.82521731002897,1.5422002056266941
West,Maharashtra,Parbhani,5062,1011,199,6272,80.7079081632653,16.11926020408163,3.1728316326530615
West,Maharashtra,Pune,24088,6536,1139,31763,75.83666530239587,20.577401378962946,3.5859333186411866
West,Maharashtra,Raigad,2585,743,105,3433,75.29857267695893,21.642877949315466,3.0585493737256044
West,Maharashtra,Raigarh,4414,815,1,5230,84.39770554493307,15.583173996175908,0.019120458891013385
West,Maharashtra,Raigarh(MH),72,16,0,88,81.81818181818183,18.181818181818183,0.0
West,Maharashtra,Ratnagiri,2352,219,32,2603,90.35728006146753,8.41336918939685,1.2293507491356128
West,Maharashtra,Sangli,5697,1802,133,7632,74.64622641509435,23.61111111111111,1.742662473794549
West,Maharashtra,Satara,5148,717,156,6021,85.50074738415545,11.908320876930741,2.590931738913802
West,Maharashtra,Sindhudurg,1121,59,22,1202,93.261231281198,4.908485856905158,1.8302828618968388
West,Maharashtra,Solapur,9537,2495,260,12292,77.58704848682069,20.29775463716238,2.1151968760169217
West,Maharashtra,Thane,29092,13629,967,43688,66.59036806445707,31.19620948544223,2.2134224501007145
West,Maharashtra,Wardha,1859,89,5,1953,95.18689196108551,4.5570916538658475,0.2560163850486431
West,Maharashtra,Washim,3041,300,45,3386,89.81098641464855,8.860011813349084,1.3290017720023628
West,Maharashtra,Washim *,28,4,0,32,87.5,12.5,0.0
West,Maharashtra,Yavatmal,6054,1339,201,7594,79.72083223597576,17.632341322096394,2.646826441927838
